GRE bins,TOEFL bins,GPA bins,Accuracy,F1 Score,Model,Model Structure,Marginal Probabilities,Classification Report
3,5,10,0.51,0.26865671641791045,Learned BN,"[[""GRE Score_cat"", ""CGPA_cat""], [""GRE Score_cat"", ""Research""], [""GRE Score_cat"", ""LOR ""], [""GRE Score_cat"", ""SOP""], [""GRE Score_cat"", ""University Rating""], [""Research"", ""CGPA_cat""], [""Research"", ""LOR ""], [""Research"", ""SOP""], [""Research"", ""University Rating""], [""LOR "", ""CGPA_cat""], [""LOR "", ""SOP""], [""SOP"", ""CGPA_cat""], [""University Rating"", ""CGPA_cat""], [""University Rating"", ""LOR ""], [""University Rating"", ""SOP""], [""TOEFL Score_cat"", ""GRE Score_cat""], [""TOEFL Score_cat"", ""CGPA_cat""], [""TOEFL Score_cat"", ""SOP""], [""TOEFL Score_cat"", ""LOR ""], [""TOEFL Score_cat"", ""University Rating""], [""Admit"", ""CGPA_cat""], [""Admit"", ""TOEFL Score_cat""], [""Admit"", ""LOR ""], [""Admit"", ""SOP""], [""Admit"", ""University Rating""], [""Admit"", ""Research""]]","{""GRE Score_cat"": [0.194238683127572, 0.502880658436214, 0.302880658436214], ""CGPA_cat"": [0.004824957934804998, 0.022489330074244394, 0.06359105700928157, 0.12492890295972964, 0.16067455667358227, 0.18783397368707672, 0.15083968680013154, 0.1677934734592115, 0.0701706589359417, 0.04685340246599563], ""Research"": [0.44255732495925676, 0.5574426750407432], ""LOR "": [0.02630252664943591, 0.09209347997846906, 0.09876768727825809, 0.20111394445719183, 0.17736444372092705, 0.1810383045422604, 0.12616637397114985, 0.09715323940230768], ""SOP"": [0.01230666197246787, 0.05065732869652056, 0.0878745500048055, 0.1293581861942397, 0.15162919194502725, 0.18340998532774722, 0.18445600122358202, 0.12000641131201664, 0.08030168332359322], ""University Rating"": [0.07239064089046263, 0.24921663837732408, 0.32538821922943456, 0.20560572723800896, 0.14739877426476972], ""TOEFL Score_cat"": [0.034567901234567905, 0.2592592592592593, 0.27407407407407414, 0.29876543209876544, 0.13333333333333336], ""Admit"": [0.8728395061728395, 0.1271604938271605]}","{""0"": {""precision"": 0.9333333333333333, ""recall"": 0.4772727272727273, ""f1-score"": 0.6315789473684211, ""support"": 88.0}, ""1"": {""precision"": 0.16363636363636364, ""recall"": 0.75, ""f1-score"": 0.26865671641791045, ""support"": 12.0}, ""accuracy"": 0.51, ""macro avg"": {""precision"": 0.5484848484848485, ""recall"": 0.6136363636363636, ""f1-score"": 0.4501178318931658, ""support"": 100.0}, ""weighted avg"": {""precision"": 0.840969696969697, ""recall"": 0.51, ""f1-score"": 0.5880282796543599, ""support"": 100.0}}"
3,5,5,0.51,0.26865671641791045,Learned BN,"[[""GRE Score_cat"", ""LOR ""], [""GRE Score_cat"", ""TOEFL Score_cat""], [""GRE Score_cat"", ""CGPA_cat""], [""TOEFL Score_cat"", ""LOR ""], [""CGPA_cat"", ""TOEFL Score_cat""], [""CGPA_cat"", ""LOR ""], [""Research"", ""LOR ""], [""Research"", ""TOEFL Score_cat""], [""Research"", ""CGPA_cat""], [""Research"", ""GRE Score_cat""], [""SOP"", ""University Rating""], [""SOP"", ""LOR ""], [""SOP"", ""TOEFL Score_cat""], [""SOP"", ""CGPA_cat""], [""SOP"", ""GRE Score_cat""], [""University Rating"", ""CGPA_cat""], [""University Rating"", ""LOR ""], [""University Rating"", ""TOEFL Score_cat""], [""University Rating"", ""GRE Score_cat""], [""University Rating"", ""Admit""], [""University Rating"", ""Research""], [""Admit"", ""LOR ""], [""Admit"", ""TOEFL Score_cat""], [""Admit"", ""CGPA_cat""], [""Admit"", ""GRE Score_cat""], [""Admit"", ""Research""]]","{""GRE Score_cat"": [0.20079161825649297, 0.5048986445235765, 0.29430973721993053], ""LOR "": [0.028441519726152536, 0.08912098687837383, 0.0930956069171614, 0.20471840468165764, 0.16575915239644023, 0.19003848678234514, 0.12870245866734686, 0.10012338395052243], ""TOEFL Score_cat"": [0.03616605480249047, 0.2655643726174638, 0.2729420483142551, 0.29715611262778485, 0.12817141163800588], ""CGPA_cat"": [0.02741841305966073, 0.18787428214389665, 0.3478553511391261, 0.323794058891248, 0.1130578947660687], ""Research"": [0.445679012345679, 0.554320987654321], ""SOP"": [0.011248285322359396, 0.05075445816186557, 0.09026063100137174, 0.1297668038408779, 0.14705075445816188, 0.18161865569272978, 0.18655692729766804, 0.11742112482853224, 0.08532235939643347], ""University Rating"": [0.06913580246913581, 0.2518518518518518, 0.32839506172839505, 0.19999999999999998, 0.1506172839506173], ""Admit"": [0.8728395061728396, 0.1271604938271605]}","{""0"": {""precision"": 0.9333333333333333, ""recall"": 0.4772727272727273, ""f1-score"": 0.6315789473684211, ""support"": 88.0}, ""1"": {""precision"": 0.16363636363636364, ""recall"": 0.75, ""f1-score"": 0.26865671641791045, ""support"": 12.0}, ""accuracy"": 0.51, ""macro avg"": {""precision"": 0.5484848484848485, ""recall"": 0.6136363636363636, ""f1-score"": 0.4501178318931658, ""support"": 100.0}, ""weighted avg"": {""precision"": 0.840969696969697, ""recall"": 0.51, ""f1-score"": 0.5880282796543599, ""support"": 100.0}}"
3,5,3,0.5,0.28571428571428575,Learned BN,"[[""GRE Score_cat"", ""Research""], [""GRE Score_cat"", ""LOR ""], [""GRE Score_cat"", ""SOP""], [""GRE Score_cat"", ""University Rating""], [""GRE Score_cat"", ""TOEFL Score_cat""], [""Research"", ""LOR ""], [""Research"", ""SOP""], [""Research"", ""University Rating""], [""LOR "", ""SOP""], [""University Rating"", ""LOR ""], [""University Rating"", ""SOP""], [""TOEFL Score_cat"", ""Admit""], [""TOEFL Score_cat"", ""LOR ""], [""TOEFL Score_cat"", ""SOP""], [""TOEFL Score_cat"", ""University Rating""], [""Admit"", ""LOR ""], [""Admit"", ""SOP""], [""Admit"", ""University Rating""], [""Admit"", ""Research""], [""CGPA_cat"", ""TOEFL Score_cat""], [""CGPA_cat"", ""SOP""], [""CGPA_cat"", ""LOR ""], [""CGPA_cat"", ""University Rating""], [""CGPA_cat"", ""GRE Score_cat""]]","{""GRE Score_cat"": [0.19423868312757206, 0.5028806584362141, 0.302880658436214], ""Research"": [0.4425573249592568, 0.5574426750407432], ""LOR "": [0.026994408645207635, 0.08933895754943093, 0.10444704409597216, 0.20048487548812874, 0.1808798252652936, 0.17980251105985046, 0.12423779825889304, 0.09381457963722345], ""SOP"": [0.012962582781122124, 0.050540904107106654, 0.09631886183962389, 0.13105083928037276, 0.1476253030564305, 0.18381665982081147, 0.17779896534398626, 0.1197949614666713, 0.080090922303875], ""University Rating"": [0.07533600330779089, 0.2509853291028252, 0.3296306479118167, 0.20078153684189176, 0.14326648283567547], ""TOEFL Score_cat"": [0.034567901234567905, 0.2592592592592593, 0.27407407407407414, 0.2987654320987654, 0.1333333333333333], ""Admit"": [0.8728395061728396, 0.12716049382716046], ""CGPA_cat"": [0.09794238683127572, 0.5720164609053497, 0.33004115226337444]}","{""0"": {""precision"": 0.9523809523809523, ""recall"": 0.45454545454545453, ""f1-score"": 0.6153846153846153, ""support"": 88.0}, ""1"": {""precision"": 0.1724137931034483, ""recall"": 0.8333333333333334, ""f1-score"": 0.28571428571428575, ""support"": 12.0}, ""accuracy"": 0.5, ""macro avg"": {""precision"": 0.5623973727422003, ""recall"": 0.6439393939393939, ""f1-score"": 0.4505494505494505, ""support"": 100.0}, ""weighted avg"": {""precision"": 0.858784893267652, ""recall"": 0.5, ""f1-score"": 0.5758241758241758, ""support"": 100.0}}"
3,10,10,0.36,0.1794871794871795,Learned BN,"[[""GRE Score_cat"", ""TOEFL Score_cat""], [""GRE Score_cat"", ""CGPA_cat""], [""GRE Score_cat"", ""LOR ""], [""TOEFL Score_cat"", ""CGPA_cat""], [""LOR "", ""TOEFL Score_cat""], [""LOR "", ""CGPA_cat""], [""Research"", ""TOEFL Score_cat""], [""Research"", ""CGPA_cat""], [""Research"", ""LOR ""], [""Research"", ""GRE Score_cat""], [""SOP"", ""TOEFL Score_cat""], [""SOP"", ""University Rating""], [""SOP"", ""CGPA_cat""], [""SOP"", ""LOR ""], [""SOP"", ""GRE Score_cat""], [""University Rating"", ""TOEFL Score_cat""], [""University Rating"", ""CGPA_cat""], [""University Rating"", ""GRE Score_cat""], [""University Rating"", ""LOR ""], [""University Rating"", ""Admit""], [""University Rating"", ""Research""], [""Admit"", ""TOEFL Score_cat""], [""Admit"", ""CGPA_cat""], [""Admit"", ""LOR ""], [""Admit"", ""GRE Score_cat""], [""Admit"", ""Research""]]","{""GRE Score_cat"": [0.20079161825649297, 0.5048986445235765, 0.29430973721993053], ""TOEFL Score_cat"": [0.009131986814544397, 0.02703406798794607, 0.1190374393418643, 0.14652693327559943, 0.17972457278167608, 0.093217475532579, 0.16473340362139272, 0.13242270900639216, 0.06549884251969068, 0.06267256911831523], ""CGPA_cat"": [0.004451645935801843, 0.022966767123858877, 0.06298263176171262, 0.12489165038218399, 0.1627068661703781, 0.18514848496874783, 0.14876220296621934, 0.17503185592502862, 0.0750462965585966, 0.0380115982074721], ""LOR "": [0.02844151972615253, 0.08912098687837382, 0.0930956069171614, 0.20471840468165764, 0.16575915239644023, 0.1900384867823451, 0.12870245866734684, 0.10012338395052241], ""Research"": [0.445679012345679, 0.554320987654321], ""SOP"": [0.011248285322359396, 0.05075445816186557, 0.09026063100137174, 0.1297668038408779, 0.14705075445816188, 0.18161865569272978, 0.18655692729766804, 0.11742112482853224, 0.08532235939643347], ""University Rating"": [0.06913580246913581, 0.2518518518518518, 0.32839506172839505, 0.19999999999999998, 0.1506172839506173], ""Admit"": [0.8728395061728396, 0.1271604938271605]}","{""0"": {""precision"": 0.8529411764705882, ""recall"": 0.32954545454545453, ""f1-score"": 0.4754098360655738, ""support"": 88.0}, ""1"": {""precision"": 0.10606060606060606, ""recall"": 0.5833333333333334, ""f1-score"": 0.1794871794871795, ""support"": 12.0}, ""accuracy"": 0.36, ""macro avg"": {""precision"": 0.47950089126559714, ""recall"": 0.4564393939393939, ""f1-score"": 0.32744850777637663, ""support"": 100.0}, ""weighted avg"": {""precision"": 0.7633155080213904, ""recall"": 0.36, ""f1-score"": 0.4398991172761665, ""support"": 100.0}}"
3,10,5,0.48,0.23529411764705882,Learned BN,"[[""GRE Score_cat"", ""TOEFL Score_cat""], [""GRE Score_cat"", ""LOR ""], [""GRE Score_cat"", ""CGPA_cat""], [""LOR "", ""TOEFL Score_cat""], [""CGPA_cat"", ""TOEFL Score_cat""], [""CGPA_cat"", ""LOR ""], [""Research"", ""TOEFL Score_cat""], [""Research"", ""LOR ""], [""Research"", ""CGPA_cat""], [""Research"", ""GRE Score_cat""], [""SOP"", ""University Rating""], [""SOP"", ""TOEFL Score_cat""], [""SOP"", ""LOR ""], [""SOP"", ""CGPA_cat""], [""SOP"", ""GRE Score_cat""], [""University Rating"", ""TOEFL Score_cat""], [""University Rating"", ""CGPA_cat""], [""University Rating"", ""LOR ""], [""University Rating"", ""GRE Score_cat""], [""University Rating"", ""Admit""], [""University Rating"", ""Research""], [""Admit"", ""TOEFL Score_cat""], [""Admit"", ""LOR ""], [""Admit"", ""CGPA_cat""], [""Admit"", ""GRE Score_cat""], [""Admit"", ""Research""]]","{""GRE Score_cat"": [0.20079161825649297, 0.5048986445235765, 0.29430973721993053], ""TOEFL Score_cat"": [0.009131986814544397, 0.02703406798794608, 0.11903743934186437, 0.14652693327559949, 0.1797245727816761, 0.09321747553257902, 0.1647334036213927, 0.13242270900639214, 0.06549884251969065, 0.0626725691183152], ""LOR "": [0.028441519726152532, 0.08912098687837382, 0.0930956069171614, 0.20471840468165764, 0.16575915239644023, 0.19003848678234514, 0.12870245866734686, 0.10012338395052242], ""CGPA_cat"": [0.02741841305966073, 0.18787428214389665, 0.3478553511391261, 0.323794058891248, 0.1130578947660687], ""Research"": [0.445679012345679, 0.554320987654321], ""SOP"": [0.011248285322359396, 0.05075445816186557, 0.09026063100137174, 0.1297668038408779, 0.14705075445816188, 0.18161865569272978, 0.18655692729766804, 0.11742112482853224, 0.08532235939643347], ""University Rating"": [0.06913580246913581, 0.2518518518518518, 0.32839506172839505, 0.19999999999999998, 0.1506172839506173], ""Admit"": [0.8728395061728396, 0.1271604938271605]}","{""0"": {""precision"": 0.9090909090909091, ""recall"": 0.45454545454545453, ""f1-score"": 0.6060606060606061, ""support"": 88.0}, ""1"": {""precision"": 0.14285714285714285, ""recall"": 0.6666666666666666, ""f1-score"": 0.23529411764705882, ""support"": 12.0}, ""accuracy"": 0.48, ""macro avg"": {""precision"": 0.525974025974026, ""recall"": 0.5606060606060606, ""f1-score"": 0.4206773618538324, ""support"": 100.0}, ""weighted avg"": {""precision"": 0.8171428571428571, ""recall"": 0.48, ""f1-score"": 0.5615686274509804, ""support"": 100.0}}"
3,10,3,0.41,0.1917808219178082,Learned BN,"[[""GRE Score_cat"", ""Research""], [""GRE Score_cat"", ""LOR ""], [""GRE Score_cat"", ""University Rating""], [""GRE Score_cat"", ""SOP""], [""Research"", ""LOR ""], [""Research"", ""University Rating""], [""Research"", ""SOP""], [""LOR "", ""SOP""], [""University Rating"", ""LOR ""], [""University Rating"", ""SOP""], [""TOEFL Score_cat"", ""GRE Score_cat""], [""TOEFL Score_cat"", ""Admit""], [""TOEFL Score_cat"", ""LOR ""], [""TOEFL Score_cat"", ""University Rating""], [""TOEFL Score_cat"", ""SOP""], [""Admit"", ""LOR ""], [""Admit"", ""University Rating""], [""Admit"", ""SOP""], [""Admit"", ""Research""], [""CGPA_cat"", ""TOEFL Score_cat""], [""CGPA_cat"", ""SOP""], [""CGPA_cat"", ""LOR ""], [""CGPA_cat"", ""University Rating""]]","{""GRE Score_cat"": [0.19423868312757203, 0.502880658436214, 0.3028806584362139], ""Research"": [0.44403180797109226, 0.5559681920289078], ""LOR "": [0.028694727648418794, 0.09991036770780319, 0.10281469837846494, 0.19073091878758913, 0.17430863893791795, 0.17743268766737896, 0.1221651021903507, 0.10394285868207638], ""University Rating"": [0.07483625887713945, 0.2543476379328214, 0.3228635996413003, 0.19821407674866168, 0.1497384268000772], ""SOP"": [0.016388365572309112, 0.0563492597649678, 0.08885018631689685, 0.1298888976308923, 0.141706362340508, 0.1876872165985828, 0.18540522843417678, 0.11244362833833155, 0.08128085500333475], ""TOEFL Score_cat"": [0.008641975308641976, 0.025925925925925932, 0.12222222222222226, 0.13703703703703704, 0.17901234567901236, 0.09506172839506173, 0.16666666666666666, 0.13209876543209875, 0.07037037037037036, 0.06296296296296294], ""Admit"": [0.8728395061728396, 0.12716049382716046], ""CGPA_cat"": [0.09794238683127572, 0.5720164609053497, 0.33004115226337444]}","{""0"": {""precision"": 0.8717948717948718, ""recall"": 0.38636363636363635, ""f1-score"": 0.5354330708661418, ""support"": 88.0}, ""1"": {""precision"": 0.11475409836065574, ""recall"": 0.5833333333333334, ""f1-score"": 0.1917808219178082, ""support"": 12.0}, ""accuracy"": 0.41, ""macro avg"": {""precision"": 0.4932744850777638, ""recall"": 0.48484848484848486, ""f1-score"": 0.363606946391975, ""support"": 100.0}, ""weighted avg"": {""precision"": 0.7809499789827659, ""recall"": 0.41, ""f1-score"": 0.4941948009923417, ""support"": 100.0}}"
3,20,10,0.49,0.23880597014925373,Learned BN,"[[""GRE Score_cat"", ""University Rating""], [""GRE Score_cat"", ""TOEFL Score_cat""], [""GRE Score_cat"", ""SOP""], [""GRE Score_cat"", ""LOR ""], [""GRE Score_cat"", ""CGPA_cat""], [""University Rating"", ""TOEFL Score_cat""], [""University Rating"", ""SOP""], [""University Rating"", ""LOR ""], [""University Rating"", ""CGPA_cat""], [""SOP"", ""TOEFL Score_cat""], [""SOP"", ""CGPA_cat""], [""LOR "", ""TOEFL Score_cat""], [""LOR "", ""SOP""], [""LOR "", ""CGPA_cat""], [""CGPA_cat"", ""TOEFL Score_cat""], [""Research"", ""University Rating""], [""Research"", ""TOEFL Score_cat""], [""Research"", ""SOP""], [""Research"", ""LOR ""], [""Research"", ""CGPA_cat""], [""Research"", ""GRE Score_cat""], [""Admit"", ""University Rating""], [""Admit"", ""TOEFL Score_cat""], [""Admit"", ""CGPA_cat""], [""Admit"", ""SOP""], [""Admit"", ""LOR ""], [""Admit"", ""Research""], [""Admit"", ""GRE Score_cat""]]","{""GRE Score_cat"": [0.19423868312757206, 0.5028806584362141, 0.302880658436214], ""University Rating"": [0.06913580246913581, 0.2518518518518519, 0.3283950617283951, 0.2, 0.15061728395061727], ""TOEFL Score_cat"": [0.0055555555555555506, 0.0030864197530864183, 0.015432098765432088, 0.010493827160493815, 0.06975308641975303, 0.052469135802469105, 0.03765432098765432, 0.09938271604938269, 0.05493827160493825, 0.12407407407407409, 0.06234567901234568, 0.03271604938271606, 0.12407407407407409, 0.0425925925925926, 0.09444444444444447, 0.03765432098765433, 0.02037037037037038, 0.05000000000000001, 0.017901234567901242, 0.04506172839506175], ""SOP"": [0.011248285322359395, 0.05075445816186558, 0.09026063100137176, 0.12976680384087794, 0.1470507544581619, 0.1816186556927298, 0.18655692729766807, 0.11742112482853224, 0.08532235939643346], ""LOR "": [0.026234567901234573, 0.09043209876543212, 0.10030864197530867, 0.2015432098765432, 0.17191358024691358, 0.18672839506172842, 0.1225308641975309, 0.10030864197530866], ""CGPA_cat"": [0.0037037037037037025, 0.02345679012345679, 0.06296296296296293, 0.1222222222222222, 0.1666666666666667, 0.1814814814814815, 0.15432098765432098, 0.16419753086419756, 0.0728395061728395, 0.04814814814814815], ""Research"": [0.445679012345679, 0.5543209876543209], ""Admit"": [0.8728395061728395, 0.1271604938271605]}","{""0"": {""precision"": 0.9111111111111111, ""recall"": 0.4659090909090909, ""f1-score"": 0.6165413533834586, ""support"": 88.0}, ""1"": {""precision"": 0.14545454545454545, ""recall"": 0.6666666666666666, ""f1-score"": 0.23880597014925373, ""support"": 12.0}, ""accuracy"": 0.49, ""macro avg"": {""precision"": 0.5282828282828282, ""recall"": 0.5662878787878788, ""f1-score"": 0.4276736617663562, ""support"": 100.0}, ""weighted avg"": {""precision"": 0.8192323232323233, ""recall"": 0.49, ""f1-score"": 0.571213107395354, ""support"": 100.0}}"
3,20,5,0.44,0.2222222222222222,Learned BN,"[[""GRE Score_cat"", ""TOEFL Score_cat""], [""GRE Score_cat"", ""LOR ""], [""GRE Score_cat"", ""CGPA_cat""], [""LOR "", ""TOEFL Score_cat""], [""CGPA_cat"", ""TOEFL Score_cat""], [""CGPA_cat"", ""LOR ""], [""Research"", ""TOEFL Score_cat""], [""Research"", ""LOR ""], [""Research"", ""CGPA_cat""], [""Research"", ""GRE Score_cat""], [""SOP"", ""TOEFL Score_cat""], [""SOP"", ""University Rating""], [""SOP"", ""LOR ""], [""SOP"", ""CGPA_cat""], [""SOP"", ""GRE Score_cat""], [""University Rating"", ""TOEFL Score_cat""], [""University Rating"", ""CGPA_cat""], [""University Rating"", ""LOR ""], [""University Rating"", ""GRE Score_cat""], [""University Rating"", ""Admit""], [""University Rating"", ""Research""], [""Admit"", ""TOEFL Score_cat""], [""Admit"", ""LOR ""], [""Admit"", ""CGPA_cat""], [""Admit"", ""GRE Score_cat""], [""Admit"", ""Research""]]","{""GRE Score_cat"": [0.20079161825649297, 0.5048986445235765, 0.29430973721993053], ""TOEFL Score_cat"": [0.005314940410800372, 0.0038170464037440167, 0.015882152157850646, 0.011151915830095428, 0.06726775148359909, 0.05176968785826524, 0.0421039822389831, 0.10442295103661636, 0.05823650836622335, 0.12148806441545273, 0.06069919889316572, 0.03251827663941326, 0.12276331189880131, 0.041970091722591356, 0.08895016945331174, 0.043472539553080405, 0.01886027454317407, 0.04663856797651659, 0.01702460588144185, 0.04564796323687336], ""LOR "": [0.028441519726152532, 0.08912098687837382, 0.0930956069171614, 0.20471840468165764, 0.16575915239644023, 0.19003848678234514, 0.12870245866734686, 0.10012338395052242], ""CGPA_cat"": [0.02741841305966073, 0.18787428214389665, 0.3478553511391261, 0.323794058891248, 0.1130578947660687], ""Research"": [0.445679012345679, 0.554320987654321], ""SOP"": [0.011248285322359396, 0.05075445816186557, 0.09026063100137174, 0.1297668038408779, 0.14705075445816188, 0.18161865569272978, 0.18655692729766804, 0.11742112482853224, 0.08532235939643347], ""University Rating"": [0.06913580246913581, 0.2518518518518518, 0.32839506172839505, 0.19999999999999998, 0.1506172839506173], ""Admit"": [0.8728395061728396, 0.1271604938271605]}","{""0"": {""precision"": 0.9, ""recall"": 0.4090909090909091, ""f1-score"": 0.5625000000000001, ""support"": 88.0}, ""1"": {""precision"": 0.13333333333333333, ""recall"": 0.6666666666666666, ""f1-score"": 0.2222222222222222, ""support"": 12.0}, ""accuracy"": 0.44, ""macro avg"": {""precision"": 0.5166666666666667, ""recall"": 0.5378787878787878, ""f1-score"": 0.39236111111111116, ""support"": 100.0}, ""weighted avg"": {""precision"": 0.8079999999999999, ""recall"": 0.44, ""f1-score"": 0.5216666666666667, ""support"": 100.0}}"
3,20,3,0.56,0.35294117647058826,Learned BN,"[[""GRE Score_cat"", ""University Rating""], [""GRE Score_cat"", ""TOEFL Score_cat""], [""GRE Score_cat"", ""Research""], [""GRE Score_cat"", ""LOR ""], [""GRE Score_cat"", ""SOP""], [""University Rating"", ""TOEFL Score_cat""], [""University Rating"", ""LOR ""], [""University Rating"", ""SOP""], [""Research"", ""University Rating""], [""Research"", ""TOEFL Score_cat""], [""Research"", ""LOR ""], [""Research"", ""SOP""], [""LOR "", ""TOEFL Score_cat""], [""LOR "", ""SOP""], [""SOP"", ""TOEFL Score_cat""], [""CGPA_cat"", ""University Rating""], [""CGPA_cat"", ""TOEFL Score_cat""], [""CGPA_cat"", ""GRE Score_cat""], [""CGPA_cat"", ""SOP""], [""CGPA_cat"", ""LOR ""], [""Admit"", ""University Rating""], [""Admit"", ""TOEFL Score_cat""], [""Admit"", ""CGPA_cat""], [""Admit"", ""LOR ""], [""Admit"", ""SOP""], [""Admit"", ""GRE Score_cat""], [""Admit"", ""Research""]]","{""GRE Score_cat"": [0.19423868312757206, 0.502880658436214, 0.30288065843621403], ""University Rating"": [0.07265300485951683, 0.25051583970947483, 0.3302134177889138, 0.1999073246070955, 0.14671041303499904], ""TOEFL Score_cat"": [0.0056042027360002945, 0.003032849047355231, 0.01533702543918014, 0.01067172230577538, 0.0696811112642886, 0.05274337548267276, 0.041052552833986726, 0.09596210104295326, 0.05585676453162948, 0.12424478073039602, 0.0631161566389483, 0.03154971718140489, 0.12686551945685803, 0.04076179905123501, 0.09129170433715737, 0.03728256216660241, 0.02055461776088321, 0.05010878714398952, 0.017840758632147433, 0.04644189221653591], ""Research"": [0.445679012345679, 0.5543209876543209], ""LOR "": [0.026223152725087778, 0.08872110367618263, 0.10036610404030509, 0.19994867004187838, 0.17662515147879065, 0.18478725808325108, 0.12244168861651182, 0.10088687133799262], ""SOP"": [0.01090103487184194, 0.052615732582026696, 0.08972580480859123, 0.13037665429428053, 0.1477602420257505, 0.1846640663374273, 0.18387198709567612, 0.11591006602376447, 0.08417441196064125], ""CGPA_cat"": [0.09794238683127572, 0.5720164609053497, 0.3300411522633745], ""Admit"": [0.8728395061728395, 0.1271604938271605]}","{""0"": {""precision"": 1.0, ""recall"": 0.5, ""f1-score"": 0.6666666666666666, ""support"": 88.0}, ""1"": {""precision"": 0.21428571428571427, ""recall"": 1.0, ""f1-score"": 0.35294117647058826, ""support"": 12.0}, ""accuracy"": 0.56, ""macro avg"": {""precision"": 0.6071428571428571, ""recall"": 0.75, ""f1-score"": 0.5098039215686274, ""support"": 100.0}, ""weighted avg"": {""precision"": 0.9057142857142857, ""recall"": 0.56, ""f1-score"": 0.6290196078431373, ""support"": 100.0}}"
5,5,10,0.33,0.15189873417721517,Learned BN,"[[""GRE Score_cat"", ""CGPA_cat""], [""GRE Score_cat"", ""SOP""], [""GRE Score_cat"", ""University Rating""], [""GRE Score_cat"", ""Research""], [""GRE Score_cat"", ""Admit""], [""GRE Score_cat"", ""LOR ""], [""SOP"", ""CGPA_cat""], [""University Rating"", ""SOP""], [""University Rating"", ""CGPA_cat""], [""University Rating"", ""LOR ""], [""Research"", ""SOP""], [""Research"", ""CGPA_cat""], [""Research"", ""LOR ""], [""Research"", ""University Rating""], [""Admit"", ""SOP""], [""Admit"", ""CGPA_cat""], [""Admit"", ""LOR ""], [""Admit"", ""University Rating""], [""Admit"", ""Research""], [""LOR "", ""SOP""], [""LOR "", ""CGPA_cat""], [""TOEFL Score_cat"", ""GRE Score_cat""], [""TOEFL Score_cat"", ""SOP""], [""TOEFL Score_cat"", ""CGPA_cat""], [""TOEFL Score_cat"", ""LOR ""], [""TOEFL Score_cat"", ""University Rating""]]","{""GRE Score_cat"": [0.09629629629629631, 0.18765432098765433, 0.3135802469135803, 0.2864197530864198, 0.1160493827160494], ""CGPA_cat"": [0.004703978254554782, 0.023452544511277793, 0.062536280299742, 0.12402952993496828, 0.16438349225667823, 0.1816547787129872, 0.15211109697527514, 0.16575298611705302, 0.07253898083295225, 0.04883633210451135], ""SOP"": [0.012068436009853864, 0.049726978274946876, 0.09268370103255986, 0.1294800387768807, 0.14471070578672404, 0.1864918304302772, 0.18309005054387878, 0.12284571108077876, 0.07890254806409999], ""University Rating"": [0.07042640041825211, 0.2550749565418125, 0.32838058018002125, 0.19415952740949002, 0.15195853545042415], ""Research"": [0.445679012345679, 0.5543209876543209], ""Admit"": [0.8728395061728396, 0.1271604938271605], ""LOR "": [0.026803096552294403, 0.09022741847482482, 0.09887372112544437, 0.20605915151595683, 0.16742305807505842, 0.1891728851602107, 0.1202175309866311, 0.10122313810957952], ""TOEFL Score_cat"": [0.0345679012345679, 0.25925925925925924, 0.2740740740740741, 0.29876543209876544, 0.13333333333333333]}","{""0"": {""precision"": 0.8181818181818182, ""recall"": 0.3068181818181818, ""f1-score"": 0.44628099173553726, ""support"": 88.0}, ""1"": {""precision"": 0.08955223880597014, ""recall"": 0.5, ""f1-score"": 0.15189873417721517, ""support"": 12.0}, ""accuracy"": 0.33, ""macro avg"": {""precision"": 0.4538670284938942, ""recall"": 0.40340909090909094, ""f1-score"": 0.2990898629563762, ""support"": 100.0}, ""weighted avg"": {""precision"": 0.7307462686567164, ""recall"": 0.33, ""f1-score"": 0.41095512082853863, ""support"": 100.0}}"
5,5,5,0.41,0.16901408450704228,Learned BN,"[[""GRE Score_cat"", ""CGPA_cat""], [""GRE Score_cat"", ""Research""], [""GRE Score_cat"", ""LOR ""], [""GRE Score_cat"", ""SOP""], [""GRE Score_cat"", ""University Rating""], [""GRE Score_cat"", ""Admit""], [""CGPA_cat"", ""SOP""], [""CGPA_cat"", ""LOR ""], [""CGPA_cat"", ""University Rating""], [""Research"", ""LOR ""], [""Research"", ""SOP""], [""Research"", ""University Rating""], [""Research"", ""CGPA_cat""], [""LOR "", ""SOP""], [""University Rating"", ""LOR ""], [""University Rating"", ""SOP""], [""Admit"", ""LOR ""], [""Admit"", ""SOP""], [""Admit"", ""University Rating""], [""Admit"", ""CGPA_cat""], [""Admit"", ""Research""], [""TOEFL Score_cat"", ""GRE Score_cat""], [""TOEFL Score_cat"", ""LOR ""], [""TOEFL Score_cat"", ""SOP""], [""TOEFL Score_cat"", ""University Rating""], [""TOEFL Score_cat"", ""CGPA_cat""]]","{""GRE Score_cat"": [0.09629629629629631, 0.18765432098765433, 0.3135802469135803, 0.2864197530864198, 0.1160493827160494], ""CGPA_cat"": [0.028156522765832585, 0.18656581023471028, 0.34603827096966544, 0.3178640830923281, 0.12137531293746356], ""Research"": [0.445679012345679, 0.5543209876543209], ""LOR "": [0.026803096552294393, 0.09022741847482482, 0.09887372112544435, 0.20605915151595677, 0.16742305807505847, 0.18917288516021064, 0.12021753098663107, 0.1012231381095795], ""SOP"": [0.012068436009853857, 0.04972697827494686, 0.09268370103255989, 0.12948003877688066, 0.14471070578672401, 0.18649183043027723, 0.1830900505438788, 0.12284571108077876, 0.07890254806409999], ""University Rating"": [0.0704264004182521, 0.25507495654181245, 0.32838058018002136, 0.19415952740949002, 0.15195853545042418], ""Admit"": [0.8728395061728396, 0.1271604938271605], ""TOEFL Score_cat"": [0.0345679012345679, 0.25925925925925924, 0.2740740740740741, 0.29876543209876544, 0.13333333333333333]}","{""0"": {""precision"": 0.8536585365853658, ""recall"": 0.3977272727272727, ""f1-score"": 0.5426356589147285, ""support"": 88.0}, ""1"": {""precision"": 0.1016949152542373, ""recall"": 0.5, ""f1-score"": 0.16901408450704228, ""support"": 12.0}, ""accuracy"": 0.41, ""macro avg"": {""precision"": 0.4776767259198016, ""recall"": 0.44886363636363635, ""f1-score"": 0.3558248717108854, ""support"": 100.0}, ""weighted avg"": {""precision"": 0.7634229020256305, ""recall"": 0.41, ""f1-score"": 0.49780106998580614, ""support"": 100.0}}"
5,5,3,0.46,0.20588235294117646,Learned BN,"[[""GRE Score_cat"", ""CGPA_cat""], [""GRE Score_cat"", ""Research""], [""GRE Score_cat"", ""Admit""], [""GRE Score_cat"", ""LOR ""], [""GRE Score_cat"", ""SOP""], [""GRE Score_cat"", ""University Rating""], [""CGPA_cat"", ""SOP""], [""CGPA_cat"", ""LOR ""], [""CGPA_cat"", ""University Rating""], [""Research"", ""LOR ""], [""Research"", ""SOP""], [""Research"", ""University Rating""], [""Research"", ""CGPA_cat""], [""Admit"", ""LOR ""], [""Admit"", ""SOP""], [""Admit"", ""University Rating""], [""Admit"", ""CGPA_cat""], [""Admit"", ""Research""], [""LOR "", ""SOP""], [""University Rating"", ""LOR ""], [""University Rating"", ""SOP""], [""TOEFL Score_cat"", ""GRE Score_cat""], [""TOEFL Score_cat"", ""LOR ""], [""TOEFL Score_cat"", ""SOP""], [""TOEFL Score_cat"", ""University Rating""], [""TOEFL Score_cat"", ""CGPA_cat""]]","{""GRE Score_cat"": [0.09629629629629631, 0.18765432098765433, 0.3135802469135803, 0.2864197530864198, 0.1160493827160494], ""CGPA_cat"": [0.09836886400743096, 0.5703985941563485, 0.3312325418362205], ""Research"": [0.445679012345679, 0.5543209876543209], ""Admit"": [0.8728395061728396, 0.1271604938271605], ""LOR "": [0.0268030965522944, 0.09022741847482485, 0.09887372112544437, 0.20605915151595683, 0.16742305807505845, 0.18917288516021064, 0.12021753098663107, 0.1012231381095795], ""SOP"": [0.01206843600985386, 0.049726978274946876, 0.09268370103255986, 0.1294800387768807, 0.144710705786724, 0.18649183043027723, 0.1830900505438788, 0.12284571108077877, 0.07890254806409998], ""University Rating"": [0.07042640041825211, 0.25507495654181245, 0.32838058018002136, 0.19415952740949002, 0.15195853545042415], ""TOEFL Score_cat"": [0.0345679012345679, 0.25925925925925924, 0.2740740740740741, 0.29876543209876544, 0.13333333333333333]}","{""0"": {""precision"": 0.8863636363636364, ""recall"": 0.4431818181818182, ""f1-score"": 0.5909090909090909, ""support"": 88.0}, ""1"": {""precision"": 0.125, ""recall"": 0.5833333333333334, ""f1-score"": 0.20588235294117646, ""support"": 12.0}, ""accuracy"": 0.46, ""macro avg"": {""precision"": 0.5056818181818181, ""recall"": 0.5132575757575758, ""f1-score"": 0.39839572192513373, ""support"": 100.0}, ""weighted avg"": {""precision"": 0.795, ""recall"": 0.46, ""f1-score"": 0.5447058823529412, ""support"": 100.0}}"
5,10,10,0.32,0.15,Learned BN,"[[""GRE Score_cat"", ""CGPA_cat""], [""GRE Score_cat"", ""TOEFL Score_cat""], [""GRE Score_cat"", ""LOR ""], [""TOEFL Score_cat"", ""CGPA_cat""], [""LOR "", ""CGPA_cat""], [""LOR "", ""TOEFL Score_cat""], [""Research"", ""CGPA_cat""], [""Research"", ""TOEFL Score_cat""], [""Research"", ""LOR ""], [""Research"", ""GRE Score_cat""], [""SOP"", ""CGPA_cat""], [""SOP"", ""University Rating""], [""SOP"", ""TOEFL Score_cat""], [""SOP"", ""LOR ""], [""SOP"", ""GRE Score_cat""], [""University Rating"", ""CGPA_cat""], [""University Rating"", ""TOEFL Score_cat""], [""University Rating"", ""GRE Score_cat""], [""University Rating"", ""LOR ""], [""University Rating"", ""Admit""], [""University Rating"", ""Research""], [""Admit"", ""CGPA_cat""], [""Admit"", ""TOEFL Score_cat""], [""Admit"", ""LOR ""], [""Admit"", ""GRE Score_cat""], [""Admit"", ""Research""]]","{""GRE Score_cat"": [0.09274019255140681, 0.1957286494490367, 0.3217394436084097, 0.2730045730094236, 0.11678714138172334], ""CGPA_cat"": [0.004451645935801839, 0.022966767123858894, 0.06298263176171263, 0.124891650382184, 0.16270686617037816, 0.1851484849687479, 0.1487622029662193, 0.17503185592502862, 0.07504629655859657, 0.03801159820747209], ""TOEFL Score_cat"": [0.009131986814544394, 0.027034067987946067, 0.11903743934186434, 0.14652693327559946, 0.17972457278167606, 0.093217475532579, 0.16473340362139272, 0.1324227090063921, 0.06549884251969064, 0.06267256911831519], ""LOR "": [0.028441519726152525, 0.08912098687837383, 0.0930956069171614, 0.20471840468165764, 0.16575915239644023, 0.19003848678234514, 0.12870245866734686, 0.10012338395052243], ""Research"": [0.445679012345679, 0.554320987654321], ""SOP"": [0.011248285322359396, 0.05075445816186557, 0.09026063100137174, 0.1297668038408779, 0.14705075445816188, 0.18161865569272978, 0.18655692729766804, 0.11742112482853224, 0.08532235939643347], ""University Rating"": [0.06913580246913581, 0.2518518518518518, 0.32839506172839505, 0.19999999999999998, 0.1506172839506173], ""Admit"": [0.8728395061728396, 0.1271604938271605]}","{""0"": {""precision"": 0.8125, ""recall"": 0.29545454545454547, ""f1-score"": 0.4333333333333334, ""support"": 88.0}, ""1"": {""precision"": 0.08823529411764706, ""recall"": 0.5, ""f1-score"": 0.15, ""support"": 12.0}, ""accuracy"": 0.32, ""macro avg"": {""precision"": 0.45036764705882354, ""recall"": 0.3977272727272727, ""f1-score"": 0.2916666666666667, ""support"": 100.0}, ""weighted avg"": {""precision"": 0.7255882352941176, ""recall"": 0.32, ""f1-score"": 0.3993333333333334, ""support"": 100.0}}"
5,10,5,0.36,0.15789473684210525,Learned BN,"[[""GRE Score_cat"", ""CGPA_cat""], [""GRE Score_cat"", ""SOP""], [""GRE Score_cat"", ""Research""], [""GRE Score_cat"", ""LOR ""], [""GRE Score_cat"", ""University Rating""], [""GRE Score_cat"", ""Admit""], [""CGPA_cat"", ""SOP""], [""CGPA_cat"", ""University Rating""], [""CGPA_cat"", ""LOR ""], [""Research"", ""SOP""], [""Research"", ""LOR ""], [""Research"", ""University Rating""], [""Research"", ""CGPA_cat""], [""LOR "", ""SOP""], [""University Rating"", ""SOP""], [""University Rating"", ""LOR ""], [""Admit"", ""SOP""], [""Admit"", ""LOR ""], [""Admit"", ""University Rating""], [""Admit"", ""CGPA_cat""], [""Admit"", ""Research""], [""TOEFL Score_cat"", ""GRE Score_cat""], [""TOEFL Score_cat"", ""SOP""], [""TOEFL Score_cat"", ""LOR ""], [""TOEFL Score_cat"", ""University Rating""], [""TOEFL Score_cat"", ""CGPA_cat""]]","{""GRE Score_cat"": [0.09629629629629631, 0.18765432098765433, 0.3135802469135803, 0.2864197530864198, 0.11604938271604939], ""CGPA_cat"": [0.02775213031153778, 0.19301511103963173, 0.3411043811052795, 0.31285474931048657, 0.12527362823306445], ""SOP"": [0.012324516325162982, 0.048935925615051154, 0.09324641466640499, 0.13101673817732437, 0.14343859269968362, 0.18319896095507213, 0.19029306214715203, 0.12013757087575422, 0.07740821853839454], ""Research"": [0.445679012345679, 0.554320987654321], ""LOR "": [0.0270566504779926, 0.08931055549430054, 0.10016885909125202, 0.210776833110495, 0.16801688019907784, 0.18222808591350173, 0.11842824893092893, 0.10401388678245134], ""University Rating"": [0.0723360581526603, 0.2553913335345757, 0.32498058092064835, 0.18912398345321838, 0.15816804393889727], ""Admit"": [0.8728395061728396, 0.1271604938271605], ""TOEFL Score_cat"": [0.008641975308641974, 0.025925925925925925, 0.12222222222222222, 0.13703703703703704, 0.17901234567901234, 0.09506172839506173, 0.16666666666666666, 0.13209876543209875, 0.07037037037037037, 0.06296296296296296]}","{""0"": {""precision"": 0.8333333333333334, ""recall"": 0.3409090909090909, ""f1-score"": 0.4838709677419354, ""support"": 88.0}, ""1"": {""precision"": 0.09375, ""recall"": 0.5, ""f1-score"": 0.15789473684210525, ""support"": 12.0}, ""accuracy"": 0.36, ""macro avg"": {""precision"": 0.4635416666666667, ""recall"": 0.4204545454545454, ""f1-score"": 0.3208828522920203, ""support"": 100.0}, ""weighted avg"": {""precision"": 0.7445833333333334, ""recall"": 0.36, ""f1-score"": 0.44475382003395575, ""support"": 100.0}}"
5,10,3,0.41,0.16901408450704228,Learned BN,"[[""GRE Score_cat"", ""CGPA_cat""], [""GRE Score_cat"", ""Research""], [""GRE Score_cat"", ""Admit""], [""GRE Score_cat"", ""LOR ""], [""GRE Score_cat"", ""University Rating""], [""GRE Score_cat"", ""SOP""], [""CGPA_cat"", ""SOP""], [""CGPA_cat"", ""LOR ""], [""CGPA_cat"", ""University Rating""], [""Research"", ""LOR ""], [""Research"", ""University Rating""], [""Research"", ""SOP""], [""Research"", ""CGPA_cat""], [""Admit"", ""LOR ""], [""Admit"", ""University Rating""], [""Admit"", ""SOP""], [""Admit"", ""CGPA_cat""], [""Admit"", ""Research""], [""LOR "", ""SOP""], [""University Rating"", ""LOR ""], [""University Rating"", ""SOP""], [""TOEFL Score_cat"", ""GRE Score_cat""], [""TOEFL Score_cat"", ""LOR ""], [""TOEFL Score_cat"", ""University Rating""], [""TOEFL Score_cat"", ""SOP""], [""TOEFL Score_cat"", ""CGPA_cat""]]","{""GRE Score_cat"": [0.09629629629629631, 0.18765432098765433, 0.3135802469135803, 0.2864197530864198, 0.11604938271604939], ""CGPA_cat"": [0.0999534614401487, 0.5693158307309732, 0.33073070782887803], ""Research"": [0.445679012345679, 0.554320987654321], ""Admit"": [0.8728395061728396, 0.1271604938271605], ""LOR "": [0.027056650477992588, 0.08931055549430054, 0.10016885909125202, 0.210776833110495, 0.1680168801990779, 0.18222808591350173, 0.11842824893092893, 0.10401388678245135], ""University Rating"": [0.0723360581526603, 0.25539133353457566, 0.32498058092064835, 0.1891239834532184, 0.15816804393889727], ""SOP"": [0.012324516325162991, 0.04893592561505119, 0.093246414666405, 0.1310167381773244, 0.14343859269968362, 0.18319896095507215, 0.19029306214715205, 0.12013757087575425, 0.07740821853839452], ""TOEFL Score_cat"": [0.008641975308641974, 0.025925925925925925, 0.12222222222222222, 0.13703703703703704, 0.17901234567901234, 0.09506172839506173, 0.16666666666666666, 0.13209876543209875, 0.07037037037037037, 0.06296296296296296]}","{""0"": {""precision"": 0.8536585365853658, ""recall"": 0.3977272727272727, ""f1-score"": 0.5426356589147285, ""support"": 88.0}, ""1"": {""precision"": 0.1016949152542373, ""recall"": 0.5, ""f1-score"": 0.16901408450704228, ""support"": 12.0}, ""accuracy"": 0.41, ""macro avg"": {""precision"": 0.4776767259198016, ""recall"": 0.44886363636363635, ""f1-score"": 0.3558248717108854, ""support"": 100.0}, ""weighted avg"": {""precision"": 0.7634229020256305, ""recall"": 0.41, ""f1-score"": 0.49780106998580614, ""support"": 100.0}}"
5,20,10,0.48,0.2571428571428572,Learned BN,"[[""GRE Score_cat"", ""TOEFL Score_cat""], [""GRE Score_cat"", ""University Rating""], [""GRE Score_cat"", ""SOP""], [""GRE Score_cat"", ""LOR ""], [""GRE Score_cat"", ""CGPA_cat""], [""University Rating"", ""TOEFL Score_cat""], [""University Rating"", ""SOP""], [""University Rating"", ""LOR ""], [""University Rating"", ""CGPA_cat""], [""SOP"", ""TOEFL Score_cat""], [""SOP"", ""CGPA_cat""], [""LOR "", ""TOEFL Score_cat""], [""LOR "", ""SOP""], [""LOR "", ""CGPA_cat""], [""CGPA_cat"", ""TOEFL Score_cat""], [""Research"", ""GRE Score_cat""], [""Research"", ""University Rating""], [""Research"", ""TOEFL Score_cat""], [""Research"", ""SOP""], [""Research"", ""LOR ""], [""Research"", ""CGPA_cat""], [""Admit"", ""GRE Score_cat""], [""Admit"", ""University Rating""], [""Admit"", ""TOEFL Score_cat""], [""Admit"", ""CGPA_cat""], [""Admit"", ""SOP""], [""Admit"", ""LOR ""], [""Admit"", ""Research""]]","{""GRE Score_cat"": [0.09629629629629631, 0.18765432098765433, 0.3135802469135803, 0.2864197530864198, 0.11604938271604939], ""TOEFL Score_cat"": [0.005555555555555566, 0.0030864197530864196, 0.015432098765432098, 0.010493827160493826, 0.06975308641975309, 0.05246913580246915, 0.03765432098765432, 0.0993827160493827, 0.05493827160493826, 0.12407407407407404, 0.06234567901234566, 0.032716049382716036, 0.12407407407407402, 0.04259259259259257, 0.09444444444444439, 0.03765432098765431, 0.02037037037037036, 0.04999999999999997, 0.017901234567901228, 0.04506172839506171], ""University Rating"": [0.0691358024691358, 0.2518518518518518, 0.32839506172839505, 0.2, 0.1506172839506173], ""SOP"": [0.011248285322359395, 0.05075445816186556, 0.0902606310013717, 0.12976680384087788, 0.14705075445816185, 0.18161865569272972, 0.18655692729766807, 0.11742112482853224, 0.08532235939643348], ""LOR "": [0.02623456790123457, 0.0904320987654321, 0.10030864197530862, 0.2015432098765432, 0.17191358024691358, 0.1867283950617284, 0.12253086419753086, 0.10030864197530866], ""CGPA_cat"": [0.0037037037037037017, 0.0234567901234568, 0.06296296296296297, 0.12222222222222226, 0.16666666666666666, 0.1814814814814815, 0.15432098765432098, 0.16419753086419753, 0.0728395061728395, 0.048148148148148155], ""Research"": [0.445679012345679, 0.5543209876543209], ""Admit"": [0.8728395061728395, 0.1271604938271605]}","{""0"": {""precision"": 0.9285714285714286, ""recall"": 0.4431818181818182, ""f1-score"": 0.6, ""support"": 88.0}, ""1"": {""precision"": 0.15517241379310345, ""recall"": 0.75, ""f1-score"": 0.2571428571428572, ""support"": 12.0}, ""accuracy"": 0.48, ""macro avg"": {""precision"": 0.541871921182266, ""recall"": 0.5965909090909091, ""f1-score"": 0.4285714285714286, ""support"": 100.0}, ""weighted avg"": {""precision"": 0.8357635467980296, ""recall"": 0.48, ""f1-score"": 0.5588571428571428, ""support"": 100.0}}"
5,20,5,0.41,0.1917808219178082,Learned BN,"[[""GRE Score_cat"", ""TOEFL Score_cat""], [""GRE Score_cat"", ""LOR ""], [""LOR "", ""TOEFL Score_cat""], [""CGPA_cat"", ""GRE Score_cat""], [""CGPA_cat"", ""TOEFL Score_cat""], [""CGPA_cat"", ""LOR ""], [""Research"", ""TOEFL Score_cat""], [""Research"", ""LOR ""], [""Research"", ""GRE Score_cat""], [""Research"", ""CGPA_cat""], [""SOP"", ""TOEFL Score_cat""], [""SOP"", ""University Rating""], [""SOP"", ""LOR ""], [""SOP"", ""GRE Score_cat""], [""SOP"", ""CGPA_cat""], [""University Rating"", ""TOEFL Score_cat""], [""University Rating"", ""CGPA_cat""], [""University Rating"", ""LOR ""], [""University Rating"", ""GRE Score_cat""], [""University Rating"", ""Admit""], [""University Rating"", ""Research""], [""Admit"", ""TOEFL Score_cat""], [""Admit"", ""LOR ""], [""Admit"", ""GRE Score_cat""], [""Admit"", ""CGPA_cat""], [""Admit"", ""Research""]]","{""GRE Score_cat"": [0.09274019255140678, 0.1957286494490367, 0.3217394436084097, 0.2730045730094236, 0.11678714138172334], ""TOEFL Score_cat"": [0.00531494041080038, 0.003817046403744017, 0.015882152157850653, 0.011151915830095428, 0.06726775148359912, 0.05176968785826525, 0.042103982238983116, 0.1044229510366164, 0.05823650836622336, 0.12148806441545278, 0.06069919889316575, 0.032518276639413264, 0.12276331189880132, 0.041970091722591356, 0.08895016945331172, 0.0434725395530804, 0.018860274543174068, 0.046638567976516575, 0.01702460588144184, 0.04564796323687335], ""LOR "": [0.02844151972615253, 0.08912098687837383, 0.0930956069171614, 0.20471840468165764, 0.16575915239644026, 0.1900384867823451, 0.1287024586673469, 0.10012338395052242], ""CGPA_cat"": [0.02741841305966072, 0.18787428214389656, 0.347855351139126, 0.3237940588912479, 0.11305789476606866], ""Research"": [0.445679012345679, 0.554320987654321], ""SOP"": [0.011248285322359396, 0.05075445816186557, 0.09026063100137174, 0.1297668038408779, 0.14705075445816188, 0.18161865569272978, 0.18655692729766804, 0.11742112482853224, 0.08532235939643347], ""University Rating"": [0.06913580246913581, 0.2518518518518518, 0.32839506172839505, 0.19999999999999998, 0.1506172839506173], ""Admit"": [0.8728395061728396, 0.1271604938271605]}","{""0"": {""precision"": 0.8717948717948718, ""recall"": 0.38636363636363635, ""f1-score"": 0.5354330708661418, ""support"": 88.0}, ""1"": {""precision"": 0.11475409836065574, ""recall"": 0.5833333333333334, ""f1-score"": 0.1917808219178082, ""support"": 12.0}, ""accuracy"": 0.41, ""macro avg"": {""precision"": 0.4932744850777638, ""recall"": 0.48484848484848486, ""f1-score"": 0.363606946391975, ""support"": 100.0}, ""weighted avg"": {""precision"": 0.7809499789827659, ""recall"": 0.41, ""f1-score"": 0.4941948009923417, ""support"": 100.0}}"
5,20,3,0.46,0.12903225806451613,Learned BN,"[[""GRE Score_cat"", ""TOEFL Score_cat""], [""GRE Score_cat"", ""LOR ""], [""GRE Score_cat"", ""SOP""], [""GRE Score_cat"", ""University Rating""], [""LOR "", ""TOEFL Score_cat""], [""LOR "", ""SOP""], [""SOP"", ""TOEFL Score_cat""], [""University Rating"", ""TOEFL Score_cat""], [""University Rating"", ""LOR ""], [""University Rating"", ""SOP""], [""CGPA_cat"", ""GRE Score_cat""], [""CGPA_cat"", ""University Rating""], [""CGPA_cat"", ""TOEFL Score_cat""], [""CGPA_cat"", ""SOP""], [""CGPA_cat"", ""LOR ""], [""Research"", ""GRE Score_cat""], [""Research"", ""University Rating""], [""Research"", ""TOEFL Score_cat""], [""Research"", ""LOR ""], [""Research"", ""SOP""], [""Research"", ""CGPA_cat""], [""Admit"", ""GRE Score_cat""], [""Admit"", ""University Rating""], [""Admit"", ""TOEFL Score_cat""], [""Admit"", ""CGPA_cat""], [""Admit"", ""LOR ""], [""Admit"", ""SOP""], [""Admit"", ""Research""]]","{""GRE Score_cat"": [0.0962962962962963, 0.18765432098765433, 0.3135802469135803, 0.28641975308641976, 0.11604938271604937], ""TOEFL Score_cat"": [0.005555555555555559, 0.0030864197530864218, 0.015432098765432107, 0.010493827160493838, 0.06975308641975314, 0.05246913580246915, 0.03765432098765434, 0.09938271604938273, 0.05493827160493827, 0.12407407407407409, 0.06234567901234565, 0.03271604938271605, 0.12407407407407409, 0.04259259259259259, 0.09444444444444444, 0.03765432098765433, 0.02037037037037037, 0.049999999999999996, 0.01790123456790123, 0.045061728395061736], ""LOR "": [0.026234567901234566, 0.09043209876543212, 0.10030864197530864, 0.20154320987654323, 0.1719135802469136, 0.1867283950617284, 0.12253086419753086, 0.10030864197530864], ""SOP"": [0.0112482853223594, 0.05075445816186557, 0.09026063100137176, 0.1297668038408779, 0.14705075445816188, 0.18161865569272975, 0.18655692729766804, 0.1174211248285322, 0.08532235939643347], ""University Rating"": [0.06913580246913582, 0.2518518518518519, 0.3283950617283951, 0.2, 0.15061728395061727], ""CGPA_cat"": [0.09794238683127572, 0.5720164609053499, 0.3300411522633745], ""Research"": [0.445679012345679, 0.5543209876543209], ""Admit"": [0.8728395061728395, 0.1271604938271605]}","{""0"": {""precision"": 0.84, ""recall"": 0.4772727272727273, ""f1-score"": 0.6086956521739131, ""support"": 88.0}, ""1"": {""precision"": 0.08, ""recall"": 0.3333333333333333, ""f1-score"": 0.12903225806451613, ""support"": 12.0}, ""accuracy"": 0.46, ""macro avg"": {""precision"": 0.45999999999999996, ""recall"": 0.4053030303030303, ""f1-score"": 0.3688639551192146, ""support"": 100.0}, ""weighted avg"": {""precision"": 0.7487999999999999, ""recall"": 0.46, ""f1-score"": 0.5511360448807854, ""support"": 100.0}}"
10,5,10,0.47,0.2535211267605634,Learned BN,"[[""GRE Score_cat"", ""CGPA_cat""], [""TOEFL Score_cat"", ""GRE Score_cat""], [""TOEFL Score_cat"", ""CGPA_cat""], [""TOEFL Score_cat"", ""SOP""], [""TOEFL Score_cat"", ""LOR ""], [""TOEFL Score_cat"", ""University Rating""], [""SOP"", ""GRE Score_cat""], [""SOP"", ""CGPA_cat""], [""LOR "", ""GRE Score_cat""], [""LOR "", ""CGPA_cat""], [""LOR "", ""SOP""], [""University Rating"", ""GRE Score_cat""], [""University Rating"", ""CGPA_cat""], [""University Rating"", ""LOR ""], [""University Rating"", ""SOP""], [""Research"", ""GRE Score_cat""], [""Research"", ""CGPA_cat""], [""Research"", ""LOR ""], [""Research"", ""SOP""], [""Research"", ""University Rating""], [""Research"", ""TOEFL Score_cat""], [""Admit"", ""GRE Score_cat""], [""Admit"", ""CGPA_cat""], [""Admit"", ""TOEFL Score_cat""], [""Admit"", ""LOR ""], [""Admit"", ""SOP""], [""Admit"", ""University Rating""], [""Admit"", ""Research""]]","{""GRE Score_cat"": [0.02098765432098765, 0.07530864197530865, 0.08024691358024692, 0.10740740740740741, 0.1691358024691358, 0.14444444444444446, 0.1888888888888889, 0.09753086419753085, 0.07530864197530862, 0.040740740740740744], ""CGPA_cat"": [0.003703703703703705, 0.023456790123456802, 0.06296296296296297, 0.12222222222222227, 0.16666666666666669, 0.18148148148148155, 0.154320987654321, 0.16419753086419753, 0.07283950617283949, 0.04814814814814814], ""TOEFL Score_cat"": [0.0345679012345679, 0.25925925925925924, 0.2740740740740741, 0.29876543209876544, 0.13333333333333333], ""SOP"": [0.011248285322359396, 0.050754458161865565, 0.09026063100137172, 0.12976680384087794, 0.1470507544581619, 0.18161865569272972, 0.186556927297668, 0.11742112482853226, 0.08532235939643347], ""LOR "": [0.02623456790123457, 0.0904320987654321, 0.10030864197530862, 0.20154320987654317, 0.17191358024691356, 0.1867283950617284, 0.12253086419753086, 0.10030864197530864], ""University Rating"": [0.0691358024691358, 0.2518518518518519, 0.3283950617283951, 0.2, 0.15061728395061727], ""Research"": [0.445679012345679, 0.5543209876543209], ""Admit"": [0.8728395061728395, 0.1271604938271605]}","{""0"": {""precision"": 0.926829268292683, ""recall"": 0.4318181818181818, ""f1-score"": 0.5891472868217055, ""support"": 88.0}, ""1"": {""precision"": 0.15254237288135594, ""recall"": 0.75, ""f1-score"": 0.2535211267605634, ""support"": 12.0}, ""accuracy"": 0.47, ""macro avg"": {""precision"": 0.5396858205870194, ""recall"": 0.5909090909090909, ""f1-score"": 0.4213342067911344, ""support"": 100.0}, ""weighted avg"": {""precision"": 0.8339148408433238, ""recall"": 0.47, ""f1-score"": 0.5488721476143684, ""support"": 100.0}}"
10,5,5,0.48,0.10344827586206896,Learned BN,"[[""GRE Score_cat"", ""CGPA_cat""], [""GRE Score_cat"", ""SOP""], [""GRE Score_cat"", ""Research""], [""GRE Score_cat"", ""University Rating""], [""GRE Score_cat"", ""LOR ""], [""CGPA_cat"", ""SOP""], [""CGPA_cat"", ""University Rating""], [""CGPA_cat"", ""LOR ""], [""Research"", ""SOP""], [""Research"", ""University Rating""], [""Research"", ""LOR ""], [""Research"", ""CGPA_cat""], [""University Rating"", ""SOP""], [""LOR "", ""SOP""], [""LOR "", ""University Rating""], [""TOEFL Score_cat"", ""GRE Score_cat""], [""TOEFL Score_cat"", ""SOP""], [""TOEFL Score_cat"", ""University Rating""], [""TOEFL Score_cat"", ""LOR ""], [""TOEFL Score_cat"", ""CGPA_cat""], [""Admit"", ""SOP""], [""Admit"", ""University Rating""], [""Admit"", ""LOR ""], [""Admit"", ""CGPA_cat""], [""Admit"", ""TOEFL Score_cat""], [""Admit"", ""GRE Score_cat""]]","{""GRE Score_cat"": [0.020987654320987644, 0.07530864197530865, 0.08024691358024692, 0.10740740740740742, 0.1691358024691358, 0.14444444444444446, 0.18888888888888888, 0.09753086419753088, 0.07530864197530864, 0.04074074074074074], ""CGPA_cat"": [0.029616145457967636, 0.18436359226160057, 0.35085862146960956, 0.31811964045391633, 0.11704200035690587], ""SOP"": [0.012418825457082203, 0.05135888415000266, 0.09299648580943463, 0.1306634488722005, 0.15032952850269488, 0.1790311998779983, 0.1847069749559715, 0.11389082345570492, 0.08460382891891036], ""Research"": [0.445679012345679, 0.554320987654321], ""University Rating"": [0.07332190420461605, 0.2549829712479538, 0.3266494355868039, 0.19754114391950683, 0.14750454504111932], ""LOR "": [0.02832244397436874, 0.09271692560345736, 0.1003191422005789, 0.20818455254477986, 0.16797832961031595, 0.18297000421056453, 0.12052124857137493, 0.09898735328455972], ""TOEFL Score_cat"": [0.034567901234567905, 0.2592592592592593, 0.27407407407407414, 0.29876543209876544, 0.13333333333333336], ""Admit"": [0.8728395061728395, 0.1271604938271605]}","{""0"": {""precision"": 0.8333333333333334, ""recall"": 0.5113636363636364, ""f1-score"": 0.6338028169014085, ""support"": 88.0}, ""1"": {""precision"": 0.06521739130434782, ""recall"": 0.25, ""f1-score"": 0.10344827586206896, ""support"": 12.0}, ""accuracy"": 0.48, ""macro avg"": {""precision"": 0.4492753623188406, ""recall"": 0.3806818181818182, ""f1-score"": 0.3686255463817387, ""support"": 100.0}, ""weighted avg"": {""precision"": 0.7411594202898552, ""recall"": 0.48, ""f1-score"": 0.5701602719766877, ""support"": 100.0}}"
10,5,3,0.4,0.0909090909090909,Learned BN,"[[""TOEFL Score_cat"", ""GRE Score_cat""], [""TOEFL Score_cat"", ""Admit""], [""TOEFL Score_cat"", ""LOR ""], [""TOEFL Score_cat"", ""SOP""], [""TOEFL Score_cat"", ""University Rating""], [""Admit"", ""LOR ""], [""Admit"", ""SOP""], [""Admit"", ""GRE Score_cat""], [""Admit"", ""University Rating""], [""Admit"", ""Research""], [""LOR "", ""SOP""], [""LOR "", ""GRE Score_cat""], [""SOP"", ""GRE Score_cat""], [""University Rating"", ""LOR ""], [""University Rating"", ""SOP""], [""University Rating"", ""GRE Score_cat""], [""CGPA_cat"", ""TOEFL Score_cat""], [""CGPA_cat"", ""SOP""], [""CGPA_cat"", ""LOR ""], [""CGPA_cat"", ""University Rating""], [""CGPA_cat"", ""GRE Score_cat""], [""CGPA_cat"", ""Research""], [""Research"", ""LOR ""], [""Research"", ""SOP""], [""Research"", ""GRE Score_cat""], [""Research"", ""University Rating""]]","{""TOEFL Score_cat"": [0.034567901234567905, 0.25925925925925924, 0.2740740740740741, 0.29876543209876544, 0.13333333333333336], ""GRE Score_cat"": [0.022845567001668683, 0.07517045543569634, 0.07957680238673231, 0.10759488180513463, 0.1724239882980825, 0.14968498607224145, 0.18225938651946028, 0.09996412574517434, 0.07291680562663687, 0.03756300110917276], ""Admit"": [0.8728395061728395, 0.1271604938271605], ""LOR "": [0.028999182347726783, 0.08841133301126938, 0.09558742443509256, 0.19590810959604, 0.18024960242298627, 0.18739973404704666, 0.12588280125080012, 0.09756181288903816], ""SOP"": [0.0136332041818782, 0.048913689882690035, 0.08983247897311332, 0.12972709393014023, 0.15158726703770334, 0.1811870680071533, 0.18175391594744442, 0.11984335694734467, 0.0835219250925324], ""University Rating"": [0.07195405703691991, 0.2529878899152073, 0.3288464625337532, 0.1984811484911745, 0.1477304420229451], ""CGPA_cat"": [0.09794238683127572, 0.5720164609053497, 0.33004115226337444], ""Research"": [0.44788019212317176, 0.5521198078768282]}","{""0"": {""precision"": 0.8043478260869565, ""recall"": 0.42045454545454547, ""f1-score"": 0.5522388059701493, ""support"": 88.0}, ""1"": {""precision"": 0.05555555555555555, ""recall"": 0.25, ""f1-score"": 0.0909090909090909, ""support"": 12.0}, ""accuracy"": 0.4, ""macro avg"": {""precision"": 0.42995169082125606, ""recall"": 0.3352272727272727, ""f1-score"": 0.3215739484396201, ""support"": 100.0}, ""weighted avg"": {""precision"": 0.7144927536231884, ""recall"": 0.4, ""f1-score"": 0.4968792401628223, ""support"": 100.0}}"
10,10,10,0.31,0.14814814814814817,Learned BN,"[[""GRE Score_cat"", ""TOEFL Score_cat""], [""GRE Score_cat"", ""CGPA_cat""], [""TOEFL Score_cat"", ""CGPA_cat""], [""Research"", ""GRE Score_cat""], [""Research"", ""TOEFL Score_cat""], [""Research"", ""CGPA_cat""], [""Research"", ""LOR ""], [""LOR "", ""GRE Score_cat""], [""LOR "", ""TOEFL Score_cat""], [""LOR "", ""CGPA_cat""], [""SOP"", ""GRE Score_cat""], [""SOP"", ""TOEFL Score_cat""], [""SOP"", ""University Rating""], [""SOP"", ""CGPA_cat""], [""SOP"", ""LOR ""], [""University Rating"", ""GRE Score_cat""], [""University Rating"", ""TOEFL Score_cat""], [""University Rating"", ""CGPA_cat""], [""University Rating"", ""LOR ""], [""University Rating"", ""Admit""], [""University Rating"", ""Research""], [""Admit"", ""GRE Score_cat""], [""Admit"", ""TOEFL Score_cat""], [""Admit"", ""CGPA_cat""], [""Admit"", ""LOR ""], [""Admit"", ""Research""]]","{""GRE Score_cat"": [0.020517548959423985, 0.07222264359198277, 0.08715463451177934, 0.10857401493725734, 0.169970691024355, 0.15176875258405473, 0.1755310912271816, 0.097473481782242, 0.07809674944717886, 0.038690391934544495], ""TOEFL Score_cat"": [0.009131986814544402, 0.027034067987946078, 0.11903743934186434, 0.1465269332755995, 0.1797245727816761, 0.09321747553257903, 0.16473340362139272, 0.13242270900639214, 0.06549884251969065, 0.0626725691183152], ""CGPA_cat"": [0.004451645935801839, 0.022966767123858898, 0.06298263176171268, 0.124891650382184, 0.1627068661703782, 0.1851484849687479, 0.14876220296621934, 0.1750318559250286, 0.07504629655859656, 0.03801159820747209], ""Research"": [0.445679012345679, 0.554320987654321], ""LOR "": [0.02844151972615252, 0.08912098687837382, 0.09309560691716139, 0.20471840468165764, 0.16575915239644026, 0.1900384867823451, 0.12870245866734686, 0.10012338395052241], ""SOP"": [0.011248285322359396, 0.05075445816186557, 0.09026063100137174, 0.1297668038408779, 0.14705075445816188, 0.18161865569272978, 0.18655692729766804, 0.11742112482853224, 0.08532235939643347], ""University Rating"": [0.06913580246913581, 0.2518518518518518, 0.32839506172839505, 0.19999999999999998, 0.1506172839506173], ""Admit"": [0.8728395061728396, 0.1271604938271605]}","{""0"": {""precision"": 0.8064516129032258, ""recall"": 0.2840909090909091, ""f1-score"": 0.42016806722689076, ""support"": 88.0}, ""1"": {""precision"": 0.08695652173913043, ""recall"": 0.5, ""f1-score"": 0.14814814814814817, ""support"": 12.0}, ""accuracy"": 0.31, ""macro avg"": {""precision"": 0.44670406732117807, ""recall"": 0.3920454545454546, ""f1-score"": 0.2841581076875195, ""support"": 100.0}, ""weighted avg"": {""precision"": 0.7201122019635343, ""recall"": 0.31000000000000005, ""f1-score"": 0.38752567693744167, ""support"": 100.0}}"
10,10,5,0.36,0.1794871794871795,Learned BN,"[[""GRE Score_cat"", ""TOEFL Score_cat""], [""CGPA_cat"", ""GRE Score_cat""], [""CGPA_cat"", ""TOEFL Score_cat""], [""CGPA_cat"", ""LOR ""], [""LOR "", ""GRE Score_cat""], [""LOR "", ""TOEFL Score_cat""], [""Research"", ""GRE Score_cat""], [""Research"", ""TOEFL Score_cat""], [""Research"", ""LOR ""], [""Research"", ""CGPA_cat""], [""SOP"", ""GRE Score_cat""], [""SOP"", ""University Rating""], [""SOP"", ""TOEFL Score_cat""], [""SOP"", ""LOR ""], [""SOP"", ""CGPA_cat""], [""University Rating"", ""GRE Score_cat""], [""University Rating"", ""TOEFL Score_cat""], [""University Rating"", ""CGPA_cat""], [""University Rating"", ""LOR ""], [""University Rating"", ""Admit""], [""University Rating"", ""Research""], [""Admit"", ""GRE Score_cat""], [""Admit"", ""TOEFL Score_cat""], [""Admit"", ""LOR ""], [""Admit"", ""CGPA_cat""], [""Admit"", ""Research""]]","{""GRE Score_cat"": [0.020517548959423995, 0.07222264359198277, 0.08715463451177935, 0.10857401493725732, 0.16997069102435497, 0.15176875258405476, 0.17553109122718155, 0.09747348178224197, 0.07809674944717883, 0.03869039193454448], ""TOEFL Score_cat"": [0.009131986814544397, 0.02703406798794608, 0.11903743934186437, 0.14652693327559949, 0.17972457278167614, 0.09321747553257904, 0.16473340362139272, 0.13242270900639214, 0.06549884251969064, 0.0626725691183152], ""CGPA_cat"": [0.02741841305966072, 0.18787428214389656, 0.347855351139126, 0.3237940588912479, 0.11305789476606866], ""LOR "": [0.02844151972615253, 0.08912098687837383, 0.0930956069171614, 0.2047184046816576, 0.16575915239644026, 0.1900384867823451, 0.12870245866734686, 0.10012338395052242], ""Research"": [0.445679012345679, 0.554320987654321], ""SOP"": [0.011248285322359396, 0.05075445816186557, 0.09026063100137174, 0.1297668038408779, 0.14705075445816188, 0.18161865569272978, 0.18655692729766804, 0.11742112482853224, 0.08532235939643347], ""University Rating"": [0.06913580246913581, 0.2518518518518518, 0.32839506172839505, 0.19999999999999998, 0.1506172839506173], ""Admit"": [0.8728395061728396, 0.1271604938271605]}","{""0"": {""precision"": 0.8529411764705882, ""recall"": 0.32954545454545453, ""f1-score"": 0.4754098360655738, ""support"": 88.0}, ""1"": {""precision"": 0.10606060606060606, ""recall"": 0.5833333333333334, ""f1-score"": 0.1794871794871795, ""support"": 12.0}, ""accuracy"": 0.36, ""macro avg"": {""precision"": 0.47950089126559714, ""recall"": 0.4564393939393939, ""f1-score"": 0.32744850777637663, ""support"": 100.0}, ""weighted avg"": {""precision"": 0.7633155080213904, ""recall"": 0.36, ""f1-score"": 0.4398991172761665, ""support"": 100.0}}"
10,10,3,0.35,0.029850746268656716,Learned BN,"[[""TOEFL Score_cat"", ""GRE Score_cat""], [""TOEFL Score_cat"", ""Admit""], [""TOEFL Score_cat"", ""LOR ""], [""TOEFL Score_cat"", ""University Rating""], [""TOEFL Score_cat"", ""SOP""], [""Admit"", ""GRE Score_cat""], [""Admit"", ""LOR ""], [""Admit"", ""University Rating""], [""Admit"", ""SOP""], [""Admit"", ""Research""], [""LOR "", ""GRE Score_cat""], [""LOR "", ""SOP""], [""University Rating"", ""GRE Score_cat""], [""University Rating"", ""LOR ""], [""University Rating"", ""SOP""], [""SOP"", ""GRE Score_cat""], [""CGPA_cat"", ""GRE Score_cat""], [""CGPA_cat"", ""TOEFL Score_cat""], [""CGPA_cat"", ""SOP""], [""CGPA_cat"", ""LOR ""], [""CGPA_cat"", ""Research""], [""CGPA_cat"", ""University Rating""], [""Research"", ""GRE Score_cat""], [""Research"", ""LOR ""], [""Research"", ""University Rating""], [""Research"", ""SOP""]]","{""TOEFL Score_cat"": [0.008641975308641976, 0.025925925925925932, 0.12222222222222226, 0.13703703703703704, 0.17901234567901236, 0.09506172839506173, 0.16666666666666666, 0.13209876543209875, 0.07037037037037036, 0.06296296296296294], ""GRE Score_cat"": [0.02226117306631343, 0.07534401037703976, 0.07972238945536439, 0.11369843581499209, 0.1635788372595715, 0.15169187859403052, 0.18002699288857374, 0.10158075623949359, 0.07251641431810038, 0.039579111986520504], ""Admit"": [0.8728395061728396, 0.12716049382716046], ""LOR "": [0.02704258147875366, 0.09195871780782601, 0.09522411744161834, 0.19704906962160468, 0.17700225592020274, 0.1848057895001049, 0.12897126287097488, 0.09794620535891498], ""University Rating"": [0.06969782021208083, 0.2535100217006194, 0.32739527506221017, 0.19904864730972516, 0.1503482357153644], ""SOP"": [0.013519838979668247, 0.04899639418244328, 0.08701318874738467, 0.12919221741734616, 0.14958916296581337, 0.18237568443811816, 0.18381255762379778, 0.12329439566897087, 0.08220655997645732], ""CGPA_cat"": [0.09794238683127572, 0.5720164609053497, 0.33004115226337444], ""Research"": [0.44745835742831336, 0.5525416425716867]}","{""0"": {""precision"": 0.7555555555555555, ""recall"": 0.38636363636363635, ""f1-score"": 0.5112781954887219, ""support"": 88.0}, ""1"": {""precision"": 0.01818181818181818, ""recall"": 0.08333333333333333, ""f1-score"": 0.029850746268656716, ""support"": 12.0}, ""accuracy"": 0.35, ""macro avg"": {""precision"": 0.38686868686868686, ""recall"": 0.23484848484848483, ""f1-score"": 0.2705644708786893, ""support"": 100.0}, ""weighted avg"": {""precision"": 0.667070707070707, ""recall"": 0.35, ""f1-score"": 0.4535069015823141, ""support"": 100.0}}"
10,20,10,0.32,0.15,Learned BN,"[[""GRE Score_cat"", ""TOEFL Score_cat""], [""CGPA_cat"", ""GRE Score_cat""], [""CGPA_cat"", ""TOEFL Score_cat""], [""CGPA_cat"", ""SOP""], [""CGPA_cat"", ""LOR ""], [""SOP"", ""GRE Score_cat""], [""SOP"", ""TOEFL Score_cat""], [""LOR "", ""GRE Score_cat""], [""LOR "", ""TOEFL Score_cat""], [""LOR "", ""SOP""], [""Research"", ""GRE Score_cat""], [""Research"", ""University Rating""], [""Research"", ""TOEFL Score_cat""], [""Research"", ""SOP""], [""Research"", ""LOR ""], [""Research"", ""CGPA_cat""], [""University Rating"", ""GRE Score_cat""], [""University Rating"", ""TOEFL Score_cat""], [""University Rating"", ""SOP""], [""University Rating"", ""LOR ""], [""University Rating"", ""CGPA_cat""], [""Admit"", ""GRE Score_cat""], [""Admit"", ""University Rating""], [""Admit"", ""TOEFL Score_cat""], [""Admit"", ""CGPA_cat""], [""Admit"", ""SOP""], [""Admit"", ""LOR ""], [""Admit"", ""Research""]]","{""GRE Score_cat"": [0.02098765432098766, 0.07530864197530869, 0.08024691358024691, 0.1074074074074074, 0.1691358024691358, 0.14444444444444446, 0.18888888888888886, 0.09753086419753088, 0.07530864197530865, 0.040740740740740744], ""TOEFL Score_cat"": [0.005555555555555561, 0.0030864197530864187, 0.015432098765432101, 0.01049382716049384, 0.06975308641975313, 0.05246913580246914, 0.037654320987654345, 0.09938271604938272, 0.05493827160493826, 0.12407407407407404, 0.06234567901234566, 0.03271604938271605, 0.12407407407407404, 0.04259259259259258, 0.09444444444444443, 0.037654320987654324, 0.020370370370370375, 0.05000000000000002, 0.017901234567901235, 0.045061728395061736], ""CGPA_cat"": [0.0037037037037037025, 0.02345679012345679, 0.06296296296296297, 0.12222222222222222, 0.16666666666666666, 0.1814814814814815, 0.15432098765432098, 0.16419753086419753, 0.07283950617283952, 0.04814814814814815], ""SOP"": [0.0112482853223594, 0.05075445816186555, 0.09026063100137173, 0.1297668038408779, 0.14705075445816185, 0.18161865569272975, 0.186556927297668, 0.11742112482853226, 0.0853223593964335], ""LOR "": [0.02623456790123457, 0.09043209876543211, 0.10030864197530864, 0.20154320987654323, 0.1719135802469136, 0.18672839506172834, 0.12253086419753088, 0.10030864197530867], ""Research"": [0.445679012345679, 0.5543209876543209], ""University Rating"": [0.06913580246913582, 0.2518518518518519, 0.32839506172839505, 0.20000000000000007, 0.1506172839506173], ""Admit"": [0.8728395061728395, 0.1271604938271605]}","{""0"": {""precision"": 0.8125, ""recall"": 0.29545454545454547, ""f1-score"": 0.4333333333333334, ""support"": 88.0}, ""1"": {""precision"": 0.08823529411764706, ""recall"": 0.5, ""f1-score"": 0.15, ""support"": 12.0}, ""accuracy"": 0.32, ""macro avg"": {""precision"": 0.45036764705882354, ""recall"": 0.3977272727272727, ""f1-score"": 0.2916666666666667, ""support"": 100.0}, ""weighted avg"": {""precision"": 0.7255882352941176, ""recall"": 0.32, ""f1-score"": 0.3993333333333334, ""support"": 100.0}}"
10,20,5,0.35,0.17721518987341772,Learned BN,"[[""GRE Score_cat"", ""TOEFL Score_cat""], [""CGPA_cat"", ""GRE Score_cat""], [""CGPA_cat"", ""TOEFL Score_cat""], [""CGPA_cat"", ""LOR ""], [""LOR "", ""GRE Score_cat""], [""LOR "", ""TOEFL Score_cat""], [""Research"", ""GRE Score_cat""], [""Research"", ""TOEFL Score_cat""], [""Research"", ""LOR ""], [""Research"", ""CGPA_cat""], [""SOP"", ""GRE Score_cat""], [""SOP"", ""TOEFL Score_cat""], [""SOP"", ""University Rating""], [""SOP"", ""LOR ""], [""SOP"", ""CGPA_cat""], [""University Rating"", ""GRE Score_cat""], [""University Rating"", ""TOEFL Score_cat""], [""University Rating"", ""CGPA_cat""], [""University Rating"", ""LOR ""], [""University Rating"", ""Admit""], [""University Rating"", ""Research""], [""Admit"", ""GRE Score_cat""], [""Admit"", ""TOEFL Score_cat""], [""Admit"", ""LOR ""], [""Admit"", ""CGPA_cat""], [""Admit"", ""Research""]]","{""GRE Score_cat"": [0.020517548959423995, 0.07222264359198277, 0.08715463451177935, 0.10857401493725732, 0.16997069102435497, 0.15176875258405476, 0.17553109122718155, 0.09747348178224197, 0.07809674944717883, 0.03869039193454448], ""TOEFL Score_cat"": [0.0053149404108003805, 0.003817046403744015, 0.01588215215785065, 0.011151915830095425, 0.0672677514835991, 0.05176968785826524, 0.0421039822389831, 0.10442295103661638, 0.05823650836622335, 0.12148806441545278, 0.06069919889316577, 0.032518276639413264, 0.12276331189880135, 0.04197009172259136, 0.08895016945331173, 0.04347253955308039, 0.01886027454317407, 0.046638567976516575, 0.017024605881441838, 0.04564796323687336], ""CGPA_cat"": [0.02741841305966072, 0.18787428214389656, 0.347855351139126, 0.3237940588912479, 0.11305789476606866], ""LOR "": [0.02844151972615253, 0.08912098687837383, 0.0930956069171614, 0.2047184046816576, 0.16575915239644026, 0.1900384867823451, 0.12870245866734686, 0.10012338395052242], ""Research"": [0.445679012345679, 0.554320987654321], ""SOP"": [0.011248285322359396, 0.05075445816186557, 0.09026063100137174, 0.1297668038408779, 0.14705075445816188, 0.18161865569272978, 0.18655692729766804, 0.11742112482853224, 0.08532235939643347], ""University Rating"": [0.06913580246913581, 0.2518518518518518, 0.32839506172839505, 0.19999999999999998, 0.1506172839506173], ""Admit"": [0.8728395061728396, 0.1271604938271605]}","{""0"": {""precision"": 0.8484848484848485, ""recall"": 0.3181818181818182, ""f1-score"": 0.46280991735537186, ""support"": 88.0}, ""1"": {""precision"": 0.1044776119402985, ""recall"": 0.5833333333333334, ""f1-score"": 0.17721518987341772, ""support"": 12.0}, ""accuracy"": 0.35, ""macro avg"": {""precision"": 0.4764812302125735, ""recall"": 0.4507575757575758, ""f1-score"": 0.3200125536143948, ""support"": 100.0}, ""weighted avg"": {""precision"": 0.7592039800995025, ""recall"": 0.35, ""f1-score"": 0.4285385500575374, ""support"": 100.0}}"
10,20,3,0.43,0.19718309859154928,Learned BN,"[[""GRE Score_cat"", ""TOEFL Score_cat""], [""CGPA_cat"", ""GRE Score_cat""], [""CGPA_cat"", ""University Rating""], [""CGPA_cat"", ""TOEFL Score_cat""], [""CGPA_cat"", ""SOP""], [""CGPA_cat"", ""LOR ""], [""University Rating"", ""GRE Score_cat""], [""University Rating"", ""TOEFL Score_cat""], [""University Rating"", ""LOR ""], [""University Rating"", ""SOP""], [""SOP"", ""GRE Score_cat""], [""SOP"", ""TOEFL Score_cat""], [""LOR "", ""GRE Score_cat""], [""LOR "", ""TOEFL Score_cat""], [""LOR "", ""SOP""], [""Research"", ""GRE Score_cat""], [""Research"", ""University Rating""], [""Research"", ""TOEFL Score_cat""], [""Research"", ""LOR ""], [""Research"", ""SOP""], [""Research"", ""CGPA_cat""], [""Admit"", ""GRE Score_cat""], [""Admit"", ""University Rating""], [""Admit"", ""TOEFL Score_cat""], [""Admit"", ""CGPA_cat""], [""Admit"", ""LOR ""], [""Admit"", ""SOP""], [""Admit"", ""Research""]]","{""GRE Score_cat"": [0.02098765432098766, 0.07530864197530864, 0.08024691358024695, 0.10740740740740742, 0.16913580246913582, 0.1444444444444445, 0.1888888888888889, 0.09753086419753088, 0.07530864197530865, 0.040740740740740744], ""TOEFL Score_cat"": [0.005555555555555552, 0.0030864197530864204, 0.015432098765432088, 0.010493827160493819, 0.06975308641975304, 0.05246913580246913, 0.03765432098765432, 0.09938271604938273, 0.05493827160493827, 0.12407407407407404, 0.06234567901234569, 0.03271604938271606, 0.1240740740740741, 0.0425925925925926, 0.09444444444444446, 0.037654320987654324, 0.020370370370370382, 0.05000000000000002, 0.017901234567901245, 0.045061728395061756], ""CGPA_cat"": [0.09794238683127572, 0.5720164609053499, 0.3300411522633745], ""University Rating"": [0.06913580246913582, 0.2518518518518519, 0.3283950617283951, 0.2, 0.15061728395061727], ""SOP"": [0.011248285322359398, 0.050754458161865565, 0.09026063100137174, 0.1297668038408779, 0.1470507544581619, 0.1816186556927298, 0.18655692729766807, 0.11742112482853223, 0.08532235939643344], ""LOR "": [0.026234567901234566, 0.09043209876543212, 0.10030864197530863, 0.20154320987654317, 0.1719135802469136, 0.18672839506172842, 0.12253086419753084, 0.10030864197530863], ""Research"": [0.445679012345679, 0.5543209876543209], ""Admit"": [0.8728395061728395, 0.1271604938271605]}","{""0"": {""precision"": 0.8780487804878049, ""recall"": 0.4090909090909091, ""f1-score"": 0.558139534883721, ""support"": 88.0}, ""1"": {""precision"": 0.11864406779661017, ""recall"": 0.5833333333333334, ""f1-score"": 0.19718309859154928, ""support"": 12.0}, ""accuracy"": 0.43, ""macro avg"": {""precision"": 0.49834642414220753, ""recall"": 0.4962121212121212, ""f1-score"": 0.37766131673763514, ""support"": 100.0}, ""weighted avg"": {""precision"": 0.7869202149648615, ""recall"": 0.43, ""f1-score"": 0.5148247625286604, ""support"": 100.0}}"
20,5,10,0.53,0.27692307692307694,Learned BN,"[[""TOEFL Score_cat"", ""GRE Score_cat""], [""TOEFL Score_cat"", ""CGPA_cat""], [""TOEFL Score_cat"", ""SOP""], [""TOEFL Score_cat"", ""LOR ""], [""TOEFL Score_cat"", ""University Rating""], [""CGPA_cat"", ""GRE Score_cat""], [""SOP"", ""GRE Score_cat""], [""SOP"", ""CGPA_cat""], [""LOR "", ""GRE Score_cat""], [""LOR "", ""CGPA_cat""], [""LOR "", ""SOP""], [""University Rating"", ""GRE Score_cat""], [""University Rating"", ""CGPA_cat""], [""University Rating"", ""LOR ""], [""University Rating"", ""SOP""], [""Research"", ""GRE Score_cat""], [""Research"", ""CGPA_cat""], [""Research"", ""LOR ""], [""Research"", ""SOP""], [""Research"", ""University Rating""], [""Research"", ""TOEFL Score_cat""], [""Admit"", ""GRE Score_cat""], [""Admit"", ""CGPA_cat""], [""Admit"", ""TOEFL Score_cat""], [""Admit"", ""LOR ""], [""Admit"", ""SOP""], [""Admit"", ""University Rating""], [""Admit"", ""Research""]]","{""TOEFL Score_cat"": [0.0345679012345679, 0.25925925925925924, 0.2740740740740741, 0.29876543209876544, 0.13333333333333333], ""GRE Score_cat"": [0.0030864197530864187, 0.017901234567901242, 0.017901234567901245, 0.05740740740740742, 0.027777777777777783, 0.05246913580246915, 0.035185185185185194, 0.07222222222222224, 0.08456790123456794, 0.08456790123456792, 0.0771604938271605, 0.06728395061728394, 0.07469135802469136, 0.11419753086419748, 0.04753086419753084, 0.04999999999999998, 0.037654320987654304, 0.03765432098765431, 0.01296296296296296, 0.027777777777777762], ""CGPA_cat"": [0.003703703703703704, 0.023456790123456795, 0.06296296296296296, 0.12222222222222226, 0.16666666666666666, 0.1814814814814815, 0.15432098765432098, 0.16419753086419753, 0.0728395061728395, 0.04814814814814815], ""SOP"": [0.011248285322359396, 0.050754458161865565, 0.09026063100137172, 0.12976680384087794, 0.1470507544581619, 0.18161865569272972, 0.186556927297668, 0.11742112482853226, 0.08532235939643347], ""LOR "": [0.02623456790123457, 0.0904320987654321, 0.10030864197530862, 0.20154320987654317, 0.17191358024691356, 0.1867283950617284, 0.12253086419753086, 0.10030864197530864], ""University Rating"": [0.0691358024691358, 0.2518518518518519, 0.3283950617283951, 0.2, 0.15061728395061727], ""Research"": [0.445679012345679, 0.5543209876543209], ""Admit"": [0.8728395061728395, 0.1271604938271605]}","{""0"": {""precision"": 0.9361702127659575, ""recall"": 0.5, ""f1-score"": 0.6518518518518519, ""support"": 88.0}, ""1"": {""precision"": 0.16981132075471697, ""recall"": 0.75, ""f1-score"": 0.27692307692307694, ""support"": 12.0}, ""accuracy"": 0.53, ""macro avg"": {""precision"": 0.5529907667603372, ""recall"": 0.625, ""f1-score"": 0.4643874643874644, ""support"": 100.0}, ""weighted avg"": {""precision"": 0.8442071457246085, ""recall"": 0.53, ""f1-score"": 0.6068603988603989, ""support"": 100.0}}"
20,5,5,0.39,0.18666666666666668,Learned BN,"[[""TOEFL Score_cat"", ""GRE Score_cat""], [""TOEFL Score_cat"", ""LOR ""], [""LOR "", ""GRE Score_cat""], [""CGPA_cat"", ""TOEFL Score_cat""], [""CGPA_cat"", ""GRE Score_cat""], [""CGPA_cat"", ""LOR ""], [""Research"", ""GRE Score_cat""], [""Research"", ""LOR ""], [""Research"", ""TOEFL Score_cat""], [""Research"", ""CGPA_cat""], [""SOP"", ""GRE Score_cat""], [""SOP"", ""University Rating""], [""SOP"", ""LOR ""], [""SOP"", ""TOEFL Score_cat""], [""SOP"", ""CGPA_cat""], [""University Rating"", ""GRE Score_cat""], [""University Rating"", ""CGPA_cat""], [""University Rating"", ""LOR ""], [""University Rating"", ""TOEFL Score_cat""], [""University Rating"", ""Admit""], [""University Rating"", ""Research""], [""Admit"", ""GRE Score_cat""], [""Admit"", ""LOR ""], [""Admit"", ""TOEFL Score_cat""], [""Admit"", ""CGPA_cat""], [""Admit"", ""Research""]]","{""TOEFL Score_cat"": [0.036166054802490466, 0.2655643726174638, 0.2729420483142551, 0.29715611262778485, 0.12817141163800588], ""GRE Score_cat"": [0.0022015075424918593, 0.01831604141693214, 0.01894759210721593, 0.053275051484766876, 0.03107470402306121, 0.056079930488718156, 0.038405077111460816, 0.07016893782579652, 0.08648059345585331, 0.08349009756850168, 0.08308379220704873, 0.06868496037700596, 0.06908441093851411, 0.1064466802886674, 0.044267939502898083, 0.05320554227934388, 0.03950875741705653, 0.0385879920301223, 0.012563084038865028, 0.026127307895679443], ""LOR "": [0.028441519726152536, 0.08912098687837383, 0.0930956069171614, 0.20471840468165767, 0.16575915239644023, 0.19003848678234514, 0.1287024586673469, 0.10012338395052243], ""CGPA_cat"": [0.02741841305966072, 0.18787428214389656, 0.347855351139126, 0.3237940588912479, 0.11305789476606866], ""Research"": [0.445679012345679, 0.554320987654321], ""SOP"": [0.011248285322359396, 0.05075445816186557, 0.09026063100137174, 0.1297668038408779, 0.14705075445816188, 0.18161865569272978, 0.18655692729766804, 0.11742112482853224, 0.08532235939643347], ""University Rating"": [0.06913580246913581, 0.2518518518518518, 0.32839506172839505, 0.19999999999999998, 0.1506172839506173], ""Admit"": [0.8728395061728396, 0.1271604938271605]}","{""0"": {""precision"": 0.8648648648648649, ""recall"": 0.36363636363636365, ""f1-score"": 0.512, ""support"": 88.0}, ""1"": {""precision"": 0.1111111111111111, ""recall"": 0.5833333333333334, ""f1-score"": 0.18666666666666668, ""support"": 12.0}, ""accuracy"": 0.39, ""macro avg"": {""precision"": 0.48798798798798804, ""recall"": 0.4734848484848485, ""f1-score"": 0.34933333333333333, ""support"": 100.0}, ""weighted avg"": {""precision"": 0.7744144144144144, ""recall"": 0.39, ""f1-score"": 0.47296, ""support"": 100.0}}"
20,5,3,0.39,0.08955223880597014,Learned BN,"[[""TOEFL Score_cat"", ""GRE Score_cat""], [""TOEFL Score_cat"", ""Admit""], [""TOEFL Score_cat"", ""LOR ""], [""TOEFL Score_cat"", ""SOP""], [""TOEFL Score_cat"", ""University Rating""], [""Admit"", ""GRE Score_cat""], [""Admit"", ""LOR ""], [""Admit"", ""SOP""], [""Admit"", ""University Rating""], [""Admit"", ""Research""], [""LOR "", ""GRE Score_cat""], [""LOR "", ""SOP""], [""SOP"", ""GRE Score_cat""], [""University Rating"", ""GRE Score_cat""], [""University Rating"", ""LOR ""], [""University Rating"", ""SOP""], [""CGPA_cat"", ""GRE Score_cat""], [""CGPA_cat"", ""TOEFL Score_cat""], [""CGPA_cat"", ""SOP""], [""CGPA_cat"", ""LOR ""], [""CGPA_cat"", ""Research""], [""CGPA_cat"", ""University Rating""], [""Research"", ""GRE Score_cat""], [""Research"", ""LOR ""], [""Research"", ""SOP""], [""Research"", ""University Rating""]]","{""TOEFL Score_cat"": [0.034567901234567905, 0.25925925925925924, 0.2740740740740741, 0.29876543209876544, 0.13333333333333336], ""GRE Score_cat"": [0.004031670889106642, 0.018813896112562036, 0.017073284850392147, 0.058097170585304204, 0.028272725284298677, 0.05130407710243361, 0.03474678226413804, 0.07284809954099658, 0.0897524156714248, 0.08267157262665767, 0.07778511181456328, 0.07189987425767817, 0.07242045693725888, 0.1098389295822014, 0.04954283494444215, 0.050421290800732196, 0.03800437821053029, 0.034912427416106576, 0.012422025287557198, 0.02514097582161557], ""Admit"": [0.8728395061728395, 0.1271604938271605], ""LOR "": [0.028999182347726783, 0.08841133301126938, 0.09558742443509256, 0.19590810959604, 0.18024960242298627, 0.18739973404704666, 0.12588280125080012, 0.09756181288903816], ""SOP"": [0.0136332041818782, 0.048913689882690035, 0.08983247897311332, 0.12972709393014023, 0.15158726703770334, 0.1811870680071533, 0.18175391594744442, 0.11984335694734467, 0.0835219250925324], ""University Rating"": [0.07195405703691991, 0.2529878899152073, 0.3288464625337532, 0.1984811484911745, 0.1477304420229451], ""CGPA_cat"": [0.09794238683127572, 0.5720164609053497, 0.33004115226337444], ""Research"": [0.44788019212317176, 0.5521198078768282]}","{""0"": {""precision"": 0.8, ""recall"": 0.4090909090909091, ""f1-score"": 0.5413533834586467, ""support"": 88.0}, ""1"": {""precision"": 0.05454545454545454, ""recall"": 0.25, ""f1-score"": 0.08955223880597014, ""support"": 12.0}, ""accuracy"": 0.39, ""macro avg"": {""precision"": 0.4272727272727273, ""recall"": 0.3295454545454546, ""f1-score"": 0.31545281113230844, ""support"": 100.0}, ""weighted avg"": {""precision"": 0.7105454545454546, ""recall"": 0.39, ""f1-score"": 0.4871372461003255, ""support"": 100.0}}"
20,10,10,0.34,0.15384615384615385,Learned BN,"[[""TOEFL Score_cat"", ""GRE Score_cat""], [""TOEFL Score_cat"", ""CGPA_cat""], [""CGPA_cat"", ""GRE Score_cat""], [""Research"", ""TOEFL Score_cat""], [""Research"", ""GRE Score_cat""], [""Research"", ""CGPA_cat""], [""Research"", ""LOR ""], [""LOR "", ""TOEFL Score_cat""], [""LOR "", ""GRE Score_cat""], [""LOR "", ""CGPA_cat""], [""SOP"", ""TOEFL Score_cat""], [""SOP"", ""GRE Score_cat""], [""SOP"", ""University Rating""], [""SOP"", ""CGPA_cat""], [""SOP"", ""LOR ""], [""University Rating"", ""TOEFL Score_cat""], [""University Rating"", ""GRE Score_cat""], [""University Rating"", ""CGPA_cat""], [""University Rating"", ""LOR ""], [""University Rating"", ""Admit""], [""University Rating"", ""Research""], [""Admit"", ""TOEFL Score_cat""], [""Admit"", ""GRE Score_cat""], [""Admit"", ""CGPA_cat""], [""Admit"", ""LOR ""], [""Admit"", ""Research""]]","{""TOEFL Score_cat"": [0.009131986814544402, 0.027034067987946067, 0.1190374393418643, 0.14652693327559946, 0.17972457278167608, 0.093217475532579, 0.16473340362139272, 0.13242270900639216, 0.06549884251969067, 0.06267256911831522], ""GRE Score_cat"": [0.002201507542491858, 0.018316041416932122, 0.01894759210721593, 0.053275051484766876, 0.031074704023061214, 0.056079930488718135, 0.038405077111460816, 0.0701689378257965, 0.08648059345585332, 0.0834900975685017, 0.08308379220704876, 0.06868496037700597, 0.06908441093851413, 0.10644668028866737, 0.04426793950289809, 0.05320554227934388, 0.03950875741705654, 0.0385879920301223, 0.012563084038865028, 0.02612730789567945], ""CGPA_cat"": [0.004451645935801839, 0.022966767123858887, 0.06298263176171263, 0.12489165038218399, 0.16270686617037816, 0.1851484849687479, 0.14876220296621936, 0.1750318559250286, 0.07504629655859656, 0.03801159820747209], ""Research"": [0.445679012345679, 0.554320987654321], ""LOR "": [0.02844151972615252, 0.08912098687837382, 0.09309560691716139, 0.20471840468165764, 0.16575915239644026, 0.1900384867823451, 0.12870245866734686, 0.10012338395052241], ""SOP"": [0.011248285322359396, 0.05075445816186557, 0.09026063100137174, 0.1297668038408779, 0.14705075445816188, 0.18161865569272978, 0.18655692729766804, 0.11742112482853224, 0.08532235939643347], ""University Rating"": [0.06913580246913581, 0.2518518518518518, 0.32839506172839505, 0.19999999999999998, 0.1506172839506173], ""Admit"": [0.8728395061728396, 0.1271604938271605]}","{""0"": {""precision"": 0.8235294117647058, ""recall"": 0.3181818181818182, ""f1-score"": 0.45901639344262296, ""support"": 88.0}, ""1"": {""precision"": 0.09090909090909091, ""recall"": 0.5, ""f1-score"": 0.15384615384615385, ""support"": 12.0}, ""accuracy"": 0.34, ""macro avg"": {""precision"": 0.4572192513368984, ""recall"": 0.40909090909090906, ""f1-score"": 0.3064312736443884, ""support"": 100.0}, ""weighted avg"": {""precision"": 0.7356149732620321, ""recall"": 0.34, ""f1-score"": 0.4223959646910467, ""support"": 100.0}}"
20,10,5,0.37,0.18181818181818185,Learned BN,"[[""TOEFL Score_cat"", ""GRE Score_cat""], [""CGPA_cat"", ""TOEFL Score_cat""], [""CGPA_cat"", ""GRE Score_cat""], [""CGPA_cat"", ""LOR ""], [""LOR "", ""TOEFL Score_cat""], [""LOR "", ""GRE Score_cat""], [""Research"", ""TOEFL Score_cat""], [""Research"", ""GRE Score_cat""], [""Research"", ""LOR ""], [""Research"", ""CGPA_cat""], [""SOP"", ""TOEFL Score_cat""], [""SOP"", ""GRE Score_cat""], [""SOP"", ""University Rating""], [""SOP"", ""LOR ""], [""SOP"", ""CGPA_cat""], [""University Rating"", ""TOEFL Score_cat""], [""University Rating"", ""GRE Score_cat""], [""University Rating"", ""CGPA_cat""], [""University Rating"", ""LOR ""], [""University Rating"", ""Admit""], [""University Rating"", ""Research""], [""Admit"", ""TOEFL Score_cat""], [""Admit"", ""GRE Score_cat""], [""Admit"", ""LOR ""], [""Admit"", ""CGPA_cat""], [""Admit"", ""Research""]]","{""TOEFL Score_cat"": [0.009131986814544394, 0.027034067987946067, 0.11903743934186431, 0.14652693327559946, 0.17972457278167606, 0.09321747553257902, 0.1647334036213927, 0.1324227090063921, 0.06549884251969064, 0.0626725691183152], ""GRE Score_cat"": [0.002201507542491859, 0.018316041416932136, 0.018947592107215926, 0.05327505148476686, 0.031074704023061207, 0.056079930488718135, 0.03840507711146081, 0.0701689378257965, 0.0864805934558533, 0.0834900975685017, 0.08308379220704876, 0.06868496037700596, 0.06908441093851413, 0.10644668028866738, 0.04426793950289809, 0.053205542279343876, 0.03950875741705654, 0.03858799203012229, 0.012563084038865026, 0.026127307895679443], ""CGPA_cat"": [0.02741841305966072, 0.18787428214389656, 0.347855351139126, 0.3237940588912479, 0.11305789476606866], ""LOR "": [0.02844151972615253, 0.08912098687837383, 0.0930956069171614, 0.2047184046816576, 0.16575915239644026, 0.1900384867823451, 0.12870245866734686, 0.10012338395052242], ""Research"": [0.445679012345679, 0.554320987654321], ""SOP"": [0.011248285322359396, 0.05075445816186557, 0.09026063100137174, 0.1297668038408779, 0.14705075445816188, 0.18161865569272978, 0.18655692729766804, 0.11742112482853224, 0.08532235939643347], ""University Rating"": [0.06913580246913581, 0.2518518518518518, 0.32839506172839505, 0.19999999999999998, 0.1506172839506173], ""Admit"": [0.8728395061728396, 0.1271604938271605]}","{""0"": {""precision"": 0.8571428571428571, ""recall"": 0.3409090909090909, ""f1-score"": 0.4878048780487805, ""support"": 88.0}, ""1"": {""precision"": 0.1076923076923077, ""recall"": 0.5833333333333334, ""f1-score"": 0.18181818181818185, ""support"": 12.0}, ""accuracy"": 0.37, ""macro avg"": {""precision"": 0.48241758241758237, ""recall"": 0.46212121212121215, ""f1-score"": 0.3348115299334812, ""support"": 100.0}, ""weighted avg"": {""precision"": 0.7672087912087912, ""recall"": 0.37, ""f1-score"": 0.45108647450110856, ""support"": 100.0}}"
20,10,3,0.42,0.2162162162162162,Learned BN,"[[""TOEFL Score_cat"", ""GRE Score_cat""], [""CGPA_cat"", ""TOEFL Score_cat""], [""CGPA_cat"", ""University Rating""], [""CGPA_cat"", ""GRE Score_cat""], [""CGPA_cat"", ""SOP""], [""CGPA_cat"", ""LOR ""], [""University Rating"", ""TOEFL Score_cat""], [""University Rating"", ""GRE Score_cat""], [""University Rating"", ""LOR ""], [""University Rating"", ""SOP""], [""SOP"", ""TOEFL Score_cat""], [""SOP"", ""GRE Score_cat""], [""LOR "", ""TOEFL Score_cat""], [""LOR "", ""GRE Score_cat""], [""LOR "", ""SOP""], [""Research"", ""TOEFL Score_cat""], [""Research"", ""University Rating""], [""Research"", ""GRE Score_cat""], [""Research"", ""LOR ""], [""Research"", ""SOP""], [""Research"", ""CGPA_cat""], [""Admit"", ""TOEFL Score_cat""], [""Admit"", ""University Rating""], [""Admit"", ""GRE Score_cat""], [""Admit"", ""CGPA_cat""], [""Admit"", ""LOR ""], [""Admit"", ""SOP""], [""Admit"", ""Research""]]","{""TOEFL Score_cat"": [0.008641975308641973, 0.025925925925925925, 0.1222222222222222, 0.13703703703703704, 0.17901234567901234, 0.09506172839506173, 0.16666666666666666, 0.13209876543209875, 0.07037037037037035, 0.06296296296296296], ""GRE Score_cat"": [0.0030864197530864174, 0.017901234567901218, 0.017901234567901225, 0.05740740740740737, 0.02777777777777776, 0.05246913580246912, 0.03518518518518518, 0.0722222222222222, 0.08456790123456788, 0.08456790123456791, 0.07716049382716049, 0.06728395061728396, 0.07469135802469137, 0.11419753086419752, 0.04753086419753088, 0.05, 0.03765432098765434, 0.03765432098765434, 0.012962962962962971, 0.027777777777777783], ""CGPA_cat"": [0.09794238683127572, 0.5720164609053499, 0.3300411522633745], ""University Rating"": [0.06913580246913582, 0.2518518518518519, 0.3283950617283951, 0.2, 0.15061728395061727], ""SOP"": [0.011248285322359398, 0.050754458161865565, 0.09026063100137174, 0.1297668038408779, 0.1470507544581619, 0.1816186556927298, 0.18655692729766807, 0.11742112482853223, 0.08532235939643344], ""LOR "": [0.026234567901234566, 0.09043209876543212, 0.10030864197530863, 0.20154320987654317, 0.1719135802469136, 0.18672839506172842, 0.12253086419753084, 0.10030864197530863], ""Research"": [0.445679012345679, 0.5543209876543209], ""Admit"": [0.8728395061728395, 0.1271604938271605]}","{""0"": {""precision"": 0.8947368421052632, ""recall"": 0.38636363636363635, ""f1-score"": 0.5396825396825397, ""support"": 88.0}, ""1"": {""precision"": 0.12903225806451613, ""recall"": 0.6666666666666666, ""f1-score"": 0.2162162162162162, ""support"": 12.0}, ""accuracy"": 0.42, ""macro avg"": {""precision"": 0.5118845500848896, ""recall"": 0.5265151515151515, ""f1-score"": 0.37794937794937794, ""support"": 100.0}, ""weighted avg"": {""precision"": 0.8028522920203736, ""recall"": 0.42, ""f1-score"": 0.5008665808665809, ""support"": 100.0}}"
20,20,10,0.27,0.1797752808988764,Learned BN,"[[""TOEFL Score_cat"", ""GRE Score_cat""], [""CGPA_cat"", ""GRE Score_cat""], [""CGPA_cat"", ""TOEFL Score_cat""], [""CGPA_cat"", ""SOP""], [""CGPA_cat"", ""LOR ""], [""SOP"", ""GRE Score_cat""], [""SOP"", ""TOEFL Score_cat""], [""LOR "", ""GRE Score_cat""], [""LOR "", ""TOEFL Score_cat""], [""LOR "", ""SOP""], [""Research"", ""GRE Score_cat""], [""Research"", ""University Rating""], [""Research"", ""TOEFL Score_cat""], [""Research"", ""SOP""], [""Research"", ""LOR ""], [""Research"", ""CGPA_cat""], [""University Rating"", ""GRE Score_cat""], [""University Rating"", ""TOEFL Score_cat""], [""University Rating"", ""SOP""], [""University Rating"", ""LOR ""], [""University Rating"", ""CGPA_cat""], [""Admit"", ""GRE Score_cat""], [""Admit"", ""University Rating""], [""Admit"", ""TOEFL Score_cat""], [""Admit"", ""CGPA_cat""], [""Admit"", ""SOP""], [""Admit"", ""LOR ""], [""Admit"", ""Research""]]","{""TOEFL Score_cat"": [0.00555555555555556, 0.0030864197530864152, 0.015432098765432098, 0.01049382716049382, 0.06975308641975306, 0.052469135802469126, 0.037654320987654304, 0.09938271604938269, 0.054938271604938235, 0.12407407407407402, 0.06234567901234567, 0.03271604938271604, 0.12407407407407404, 0.04259259259259259, 0.09444444444444444, 0.03765432098765433, 0.020370370370370372, 0.05, 0.017901234567901242, 0.04506172839506174], ""GRE Score_cat"": [0.0030864197530864157, 0.01790123456790124, 0.017901234567901235, 0.05740740740740736, 0.02777777777777776, 0.0524691358024691, 0.035185185185185174, 0.07222222222222219, 0.08456790123456787, 0.08456790123456788, 0.07716049382716048, 0.06728395061728396, 0.07469135802469139, 0.11419753086419757, 0.047530864197530893, 0.050000000000000044, 0.03765432098765435, 0.037654320987654366, 0.012962962962962982, 0.027777777777777814], ""CGPA_cat"": [0.0037037037037037025, 0.02345679012345679, 0.06296296296296297, 0.12222222222222222, 0.16666666666666666, 0.1814814814814815, 0.15432098765432098, 0.16419753086419753, 0.07283950617283952, 0.04814814814814815], ""SOP"": [0.0112482853223594, 0.05075445816186555, 0.09026063100137173, 0.1297668038408779, 0.14705075445816185, 0.18161865569272975, 0.186556927297668, 0.11742112482853226, 0.0853223593964335], ""LOR "": [0.02623456790123457, 0.09043209876543211, 0.10030864197530864, 0.20154320987654323, 0.1719135802469136, 0.18672839506172834, 0.12253086419753088, 0.10030864197530867], ""Research"": [0.445679012345679, 0.5543209876543209], ""University Rating"": [0.06913580246913582, 0.2518518518518519, 0.32839506172839505, 0.20000000000000007, 0.1506172839506173], ""Admit"": [0.8728395061728395, 0.1271604938271605]}","{""0"": {""precision"": 0.8260869565217391, ""recall"": 0.2159090909090909, ""f1-score"": 0.34234234234234234, ""support"": 88.0}, ""1"": {""precision"": 0.1038961038961039, ""recall"": 0.6666666666666666, ""f1-score"": 0.1797752808988764, ""support"": 12.0}, ""accuracy"": 0.27, ""macro avg"": {""precision"": 0.46499153020892153, ""recall"": 0.4412878787878788, ""f1-score"": 0.2610588116206094, ""support"": 100.0}, ""weighted avg"": {""precision"": 0.7394240542066629, ""recall"": 0.27, ""f1-score"": 0.32283429496912647, ""support"": 100.0}}"
20,20,5,0.35,0.17721518987341772,Learned BN,"[[""TOEFL Score_cat"", ""GRE Score_cat""], [""CGPA_cat"", ""GRE Score_cat""], [""CGPA_cat"", ""TOEFL Score_cat""], [""CGPA_cat"", ""LOR ""], [""LOR "", ""GRE Score_cat""], [""LOR "", ""TOEFL Score_cat""], [""Research"", ""GRE Score_cat""], [""Research"", ""TOEFL Score_cat""], [""Research"", ""LOR ""], [""Research"", ""CGPA_cat""], [""SOP"", ""GRE Score_cat""], [""SOP"", ""TOEFL Score_cat""], [""SOP"", ""University Rating""], [""SOP"", ""LOR ""], [""SOP"", ""CGPA_cat""], [""University Rating"", ""GRE Score_cat""], [""University Rating"", ""TOEFL Score_cat""], [""University Rating"", ""CGPA_cat""], [""University Rating"", ""LOR ""], [""University Rating"", ""Admit""], [""University Rating"", ""Research""], [""Admit"", ""GRE Score_cat""], [""Admit"", ""TOEFL Score_cat""], [""Admit"", ""LOR ""], [""Admit"", ""CGPA_cat""], [""Admit"", ""Research""]]","{""TOEFL Score_cat"": [0.005314940410800377, 0.003817046403744018, 0.015882152157850646, 0.01115191583009543, 0.06726775148359909, 0.05176968785826524, 0.04210398223898311, 0.10442295103661639, 0.05823650836622334, 0.12148806441545275, 0.060699198893165725, 0.03251827663941326, 0.12276331189880131, 0.041970091722591356, 0.08895016945331172, 0.04347253955308039, 0.018860274543174065, 0.046638567976516575, 0.017024605881441838, 0.045647963236873354], ""GRE Score_cat"": [0.002201507542491859, 0.018316041416932133, 0.01894759210721593, 0.05327505148476688, 0.031074704023061207, 0.05607993048871814, 0.03840507711146081, 0.07016893782579652, 0.08648059345585331, 0.08349009756850166, 0.08308379220704873, 0.06868496037700597, 0.06908441093851411, 0.1064466802886674, 0.04426793950289809, 0.053205542279343876, 0.03950875741705652, 0.038587992030122295, 0.012563084038865028, 0.026127307895679446], ""CGPA_cat"": [0.02741841305966072, 0.18787428214389656, 0.347855351139126, 0.3237940588912479, 0.11305789476606866], ""LOR "": [0.02844151972615253, 0.08912098687837383, 0.0930956069171614, 0.2047184046816576, 0.16575915239644026, 0.1900384867823451, 0.12870245866734686, 0.10012338395052242], ""Research"": [0.445679012345679, 0.554320987654321], ""SOP"": [0.011248285322359396, 0.05075445816186557, 0.09026063100137174, 0.1297668038408779, 0.14705075445816188, 0.18161865569272978, 0.18655692729766804, 0.11742112482853224, 0.08532235939643347], ""University Rating"": [0.06913580246913581, 0.2518518518518518, 0.32839506172839505, 0.19999999999999998, 0.1506172839506173], ""Admit"": [0.8728395061728396, 0.1271604938271605]}","{""0"": {""precision"": 0.8484848484848485, ""recall"": 0.3181818181818182, ""f1-score"": 0.46280991735537186, ""support"": 88.0}, ""1"": {""precision"": 0.1044776119402985, ""recall"": 0.5833333333333334, ""f1-score"": 0.17721518987341772, ""support"": 12.0}, ""accuracy"": 0.35, ""macro avg"": {""precision"": 0.4764812302125735, ""recall"": 0.4507575757575758, ""f1-score"": 0.3200125536143948, ""support"": 100.0}, ""weighted avg"": {""precision"": 0.7592039800995025, ""recall"": 0.35, ""f1-score"": 0.4285385500575374, ""support"": 100.0}}"
20,20,3,0.56,0.26666666666666666,Learned BN,"[[""GRE Score_cat"", ""TOEFL Score_cat""], [""CGPA_cat"", ""University Rating""], [""CGPA_cat"", ""TOEFL Score_cat""], [""CGPA_cat"", ""GRE Score_cat""], [""CGPA_cat"", ""SOP""], [""CGPA_cat"", ""LOR ""], [""University Rating"", ""TOEFL Score_cat""], [""University Rating"", ""GRE Score_cat""], [""University Rating"", ""LOR ""], [""University Rating"", ""SOP""], [""SOP"", ""TOEFL Score_cat""], [""SOP"", ""GRE Score_cat""], [""LOR "", ""TOEFL Score_cat""], [""LOR "", ""GRE Score_cat""], [""LOR "", ""SOP""], [""Research"", ""University Rating""], [""Research"", ""TOEFL Score_cat""], [""Research"", ""GRE Score_cat""], [""Research"", ""LOR ""], [""Research"", ""SOP""], [""Research"", ""CGPA_cat""], [""Admit"", ""University Rating""], [""Admit"", ""TOEFL Score_cat""], [""Admit"", ""GRE Score_cat""], [""Admit"", ""CGPA_cat""], [""Admit"", ""LOR ""], [""Admit"", ""SOP""], [""Admit"", ""Research""]]","{""GRE Score_cat"": [0.0030864197530864183, 0.017901234567901228, 0.01790123456790123, 0.057407407407407386, 0.027777777777777773, 0.052469135802469126, 0.035185185185185174, 0.07222222222222222, 0.08456790123456788, 0.08456790123456791, 0.07716049382716048, 0.06728395061728396, 0.07469135802469137, 0.11419753086419752, 0.047530864197530866, 0.04999999999999998, 0.03765432098765431, 0.03765432098765432, 0.012962962962962964, 0.027777777777777766], ""TOEFL Score_cat"": [0.005555555555555554, 0.0030864197530864218, 0.015432098765432086, 0.010493827160493817, 0.06975308641975304, 0.052469135802469126, 0.03765432098765431, 0.09938271604938269, 0.05493827160493827, 0.12407407407407404, 0.06234567901234568, 0.03271604938271605, 0.1240740740740741, 0.042592592592592605, 0.09444444444444447, 0.037654320987654324, 0.020370370370370372, 0.05000000000000001, 0.017901234567901242, 0.04506172839506175], ""CGPA_cat"": [0.09794238683127572, 0.5720164609053499, 0.3300411522633745], ""University Rating"": [0.06913580246913582, 0.2518518518518519, 0.3283950617283951, 0.2, 0.15061728395061727], ""SOP"": [0.011248285322359398, 0.050754458161865565, 0.09026063100137174, 0.1297668038408779, 0.1470507544581619, 0.1816186556927298, 0.18655692729766807, 0.11742112482853223, 0.08532235939643344], ""LOR "": [0.026234567901234566, 0.09043209876543212, 0.10030864197530863, 0.20154320987654317, 0.1719135802469136, 0.18672839506172842, 0.12253086419753084, 0.10030864197530863], ""Research"": [0.445679012345679, 0.5543209876543209], ""Admit"": [0.8728395061728395, 0.1271604938271605]}","{""0"": {""precision"": 0.9230769230769231, ""recall"": 0.5454545454545454, ""f1-score"": 0.6857142857142856, ""support"": 88.0}, ""1"": {""precision"": 0.16666666666666666, ""recall"": 0.6666666666666666, ""f1-score"": 0.26666666666666666, ""support"": 12.0}, ""accuracy"": 0.56, ""macro avg"": {""precision"": 0.5448717948717949, ""recall"": 0.606060606060606, ""f1-score"": 0.47619047619047616, ""support"": 100.0}, ""weighted avg"": {""precision"": 0.8323076923076924, ""recall"": 0.56, ""f1-score"": 0.6354285714285713, ""support"": 100.0}}"
